taxon_id,d.wass,d.wass^2,d.comp^2,d.comp,location,size,shape,rho,pval,p.ad.gpd,N.exc,gpd.shape,perc.loc,perc.size,perc.shape,decomp.error,p.zero,p.combined,p.adj.nonzero,p.adj.zero,p.adj.combined,n_nonzero_group1,n_nonzero_group2,n_group1,n_group2,zero_prevalence_estimate,zero_prevalence_z,taxon,p_permapprox_unconstrained,p_permapprox_constrained,p_combined_permapprox_unconstrained,p_combined_permapprox_constrained,p_adj_permapprox_unconstrained,p_adj_permapprox_constrained,p_adj_combined_permapprox_unconstrained,p_adj_combined_permapprox_constrained,fisher_statistic_permapprox_constrained,method_used_unconstrained,method_used_constrained,shape_permapprox_unconstrained,shape_permapprox_constrained,scale_permapprox_unconstrained,scale_permapprox_constrained,neglog10_p_combined,significance_class,label_taxon
Phascolarctobacterium,2.5862619385313232,6.688750814695798,6.7936123585631085,2.606455899984327,6.014525487456104,0.038854272031389116,0.7402325990756159,0.8037094248569913,0.023023023023023025,NA,NA,NA,88.53,0.57,10.9,0.015677298612607915,0.9566807121015123,0.10606568822866544,0.11127794461127795,0.9833698130390301,0.23705747689181197,4,8,179,375,-0.03184537588444925,-0.0543193037156068,Phascolarctobacterium,0.024,0.024,0.10961235138231416,0.10961235138231416,0.11599999999999999,0.11599999999999999,0.23735056390954787,0.23735056390954787,7.5479740519986684,empirical,empirical,NA,NA,NA,NA,0.960140505751744,not_significant,Phascolarctobacterium
Veillonella,0.21882078982221936,0.0478825380584199,0.047677721895486996,0.21835228850526617,0.015792218655641364,0.003154598052352425,0.02873090518749321,0.9952106853671924,0.8288288288288288,NA,NA,NA,33.12,6.62,60.26,0.004277470895193924,0.028759076772656843,0.11290191708139694,0.8912987061135209,0.13344211622512775,0.23705747689181197,111,190,179,375,-0.4184574708977995,-2.1867732369817383,Veillonella,0.829,0.829,0.1129203105485209,0.1129203105485209,0.8914814814814815,0.8914814814814815,0.23735056390954787,0.23735056390954787,7.472673943162404,empirical,empirical,NA,NA,NA,NA,0.9472279361457033,not_significant,Veillonella
Negativicoccus,1.387083920957166,1.9240018037779054,1.9192756605289998,1.3853792479061464,1.7859647092887427,0.05642611397455686,0.07688483726570028,0.9740546140559826,0.025025025025025027,NA,NA,NA,93.05,2.94,4.01,0.0024564131071111994,0.9806991311454508,0.11552833368204629,0.11611611611611612,0.9833698130390301,0.23713710597893714,9,17,179,375,-0.010068001634210514,-0.024192410276467152,Negativicoccus,0.026,0.026,0.11905477179518255,0.11905477179518255,0.1202962962962963,0.1202962962962963,0.2443755842111642,0.2443755842111642,7.338296606996722,empirical,empirical,NA,NA,NA,NA,0.9242531930958495,not_significant,Negativicoccus
Dialister,0.3185395565522487,0.10146744908850325,0.10555198234644034,0.3248876457276274,0.04312508236996161,0.04839819345066801,0.014028706525810713,0.9890503051099648,0.16416416416416416,NA,NA,NA,40.86,45.85,13.29,0.04025461657535545,0.5199412901553984,0.29541000341347945,0.41999446254765405,0.7240055132061447,0.43750595442249485,34,75,179,375,0.15073639830710678,0.6434366742009987,Dialister,0.165,0.165,0.2964783826099483,0.2964783826099483,0.4220425531914894,0.4220425531914894,0.43908823753625253,0.43908823753625253,4.911698364819233,empirical,empirical,NA,NA,NA,NA,0.5280069672422936,not_significant,Dialister
Megasphaera,1.7951241990050741,3.222470889853609,3.4960538353906907,1.8697737390900244,1.3073902710944825,1.9145317615687132,0.2741318027274948,0.9384678537580241,0.26926926926926925,NA,NA,NA,37.4,54.76,7.84,0.08489850021562484,0.19167977823618845,0.20459439188426715,0.5294107666989023,0.38027900067805803,0.35257167599446104,8,8,179,375,-0.6433956112222377,-1.3055287885353124,Megasphaera,0.27,0.27,0.20500935468043746,0.20500935468043746,0.5308474576271187,0.5308474576271187,0.3527366837883998,0.3527366837883998,5.922524881975166,empirical,empirical,NA,NA,NA,NA,0.6882263214154587,not_significant,Megasphaera
Anaeroglobus,0.5119988451401475,0.26214281742484474,0.349908178787312,0.5915303701309951,0.08711412191625514,0.11708094735861785,0.14571310951243902,0.9765918953185131,1,NA,NA,NA,24.9,33.46,41.64,0.3347997943435137,0.46884100510214316,0.8239841171019007,1,0.6798194573981076,0.8684897251624261,3,3,179,375,-0.546106992440271,-0.7242184590707534,Anaeroglobus,1,1,0.8239841171019007,0.8239841171019007,1,1,0.8685237991074087,0.8685237991074087,1.5149831526463218,empirical,empirical,NA,NA,NA,NA,0.08408115956681789,not_significant,Anaeroglobus
Megamonas,1.8897466758929664,3.5711424990485163,3.6020792194439535,1.8979144394423983,3.5000102121403533,0.08511455993918306,0.016954447364417282,0.7423934980391668,0.09309309309309309,NA,NA,NA,97.17,2.36,0.47,0.008662975617377278,0.8586322312278779,0.2818883580802928,0.2768922768922769,0.9372561509256367,0.43395970914992443,2,3,179,375,-0.14764702562181872,-0.17809034682501126,Megamonas,0.094,0.094,0.2838520160146933,0.2838520160146933,0.2795897435897436,0.2795897435897436,0.4369827088647252,0.4369827088647252,5.033750162651961,empirical,empirical,NA,NA,NA,NA,0.5469080169187602,not_significant,Megamonas
Streptococcus,0.6044055299671445,0.36530604465486477,0.36603534290297124,0.6050085477933111,0.3289151997288684,0.024452273407506796,0.012667869766596044,0.996697769957845,1.6634008151531026e-10,0.08416626166243424,250,-0.10097438487118274,89.86,6.68,3.46,0.001996403450688966,0.29418978661960565,1.2106908794695856e-9,6.712605779865852e-9,0.48272590098919305,4.7216944299313836e-8,179,371,179,375,-1.508635845209672,-1.0491533587212394,Streptococcus,7.478608483872236e-7,7.478608472844651e-7,3.5927200676821563e-6,3.59272006270893e-6,1.4458643068819655e-5,1.4458643047499658e-5,5.2543530989851536e-5,5.25435309171181e-5,30.659158193021433,gpd,gpd,NA,NA,NA,NA,5.444576620801783,combined_bh_significant,Streptococcus
Lactococcus,2.5466189278785736,6.485267963829416,6.546595657588968,2.55863159864584,2.6883930864810837,3.1287776998203074,0.7294248712875766,0.7884614618464184,3.3246653785868076e-6,0.12482316333377237,250,-0.024740717893191412,41.07,47.79,11.14,0.009456462570490265,8.102214581568087e-6,6.825204914112952e-10,4.285124265734108e-5,9.398568914618981e-4,3.992744874756077e-8,67,68,179,375,-0.9633375611914641,-4.462451345060006,Lactococcus,2.307658921219861e-5,2.307659214721448e-5,4.3751447360649325e-9,4.3751452687413686e-9,2.676884348615039e-4,2.6768846890768794e-4,1.2797298352989928e-7,1.2797299911068502e-7,44.800129819364386,gpd,gpd,NA,NA,NA,NA,8.359007522443868,combined_bh_significant,Lactococcus
Gemella,0.3100479780884613,0.09612974871674297,0.09595559832539806,0.3097670065152163,0.011824373185226283,0.01240180002425651,0.07172942511591526,0.9761100268733514,0.4184184184184184,NA,NA,NA,12.32,12.92,74.75,0.0018116180856569963,0.8086213324038491,0.7050026332088299,0.664884062144336,0.9263658848071046,0.7781632838248407,80,159,179,375,-0.04488540249359062,-0.2422049858218236,Gemella,0.419,0.419,0.7055119471818847,0.7055119471818847,0.6658082191780821,0.6658082191780821,0.7787254511347218,0.7787254511347218,2.1646177985681385,empirical,empirical,NA,NA,NA,NA,0.15149562747840079,not_significant,Gemella
Staphylococcus,0.4224159930635191,0.17843527119583905,0.17846015886299885,0.42244545075429424,0.15321328778772578,4.0571891001752125e-4,0.024841152165255547,0.9933960631072679,0.03903903903903904,NA,NA,NA,85.85,0.23,13.92,1.3947728491681133e-4,0.01262091565592428,0.0042449752063115145,0.15615615615615616,0.08376614123745559,0.020419732555758206,103,249,179,375,0.48735824903492064,2.4942910880651477,Staphylococcus,0.04,0.04,0.004337190636144097,0.004337190636144097,0.16,0.16,0.02029805217715437,0.02029805217715437,15.182551386864755,empirical,empirical,NA,NA,NA,NA,2.362791488525463,not_significant,Staphylococcus
Turicibacter,0.5062883371993652,0.2563278803840981,0.25880774864871764,0.5087315093924473,0.23967711889157797,0.00436461143197582,0.014766018325163844,0.9775767486629418,0.0890890890890891,NA,NA,NA,92.61,1.69,5.71,0.009674594355103094,0.40170583745832483,0.15496583642468784,0.2768922768922769,0.6131299624363906,0.2924355300272335,10,13,179,375,-0.357967243004833,-0.8385554728904625,Turicibacter,0.09,0.09,0.15618253597994014,0.15618253597994014,0.2795897435897436,0.2795897435897436,0.2947315598331129,0.2947315598331129,6.63996162897812,empirical,empirical,NA,NA,NA,NA,0.8063675296877288,not_significant,Turicibacter
Granulicatella,1.0481883885644325,1.0986988979213017,1.11492008916257,1.0558977645409473,0.6749661868026396,0.2947894001620924,0.1451645021978379,0.9387269818363458,0.0920920920920921,NA,NA,NA,60.54,26.44,13.02,0.014764000648365139,0.008920711828383821,0.0066579389626836806,0.2768922768922769,0.06983661993980864,0.02996072533207656,14,9,179,375,-1.116742962260032,-2.6148976297927757,Granulicatella,0.093,0.093,0.006715438578630929,0.006715438578630929,0.2795897435897436,0.2795897435897436,0.030219473603839184,0.030219473603839184,14.189070640029481,empirical,empirical,NA,NA,NA,NA,2.1729256187273016,not_significant,Granulicatella
Enterococcus,1.5461874868912995,2.3906957446192325,2.3925828522147086,1.546797611911367,2.0899841618180934,0.07342297352451949,0.2291757168720955,0.9564865510295592,2.3411705534953273e-8,0.6848743188482879,250,0.1223479922451231,87.35,3.07,9.58,7.893549815878309e-4,0.013117779139452971,7.033981518284495e-9,4.526263070090966e-7,0.08376614123745559,1.6459516752785716e-7,170,329,179,375,-0.9509692646833864,-2.480524659763674,Enterococcus,2.414563644477694e-8,2.414563644477694e-8,7.244712112307607e-9,7.244712112307607e-9,5.60178765518825e-7,7.002234568985313e-7,1.69526263427998e-7,1.69526263427998e-7,43.74589788278385,gpd,gpd,NA,NA,NA,NA,8.139978867683537,combined_bh_significant,Enterococcus
Dolosigranulum,0.6903349235480183,0.47656230667004823,0.5148871332170829,0.7175563623974656,0.332908348625639,0.09146231154304812,0.09051647304839573,0.9463227673418089,0.11411411411411411,NA,NA,NA,64.66,17.76,17.58,0.08041934078846302,0.05489303663766804,0.03804122946818435,0.3207016540349874,0.19990780082619908,0.1171269433625676,8,31,179,375,0.7742132465882016,1.919782603256337,Dolosigranulum,0.115,0.115,0.038287732302056274,0.038287732302056274,0.3231428571428572,0.3231428571428572,0.1178859126142259,0.1178859126142259,10.130383852662007,empirical,empirical,NA,NA,NA,NA,1.4169403551949662,not_significant,Dolosigranulum
Lactobacillus,0.34074710033831096,0.11610858638896696,0.11941194953496302,0.34556034138043534,0.06595883836515948,0.016972125988727972,0.03648098518107558,0.9955501721568214,0.47147147147147145,NA,NA,NA,55.24,14.21,30.55,0.02845063615648291,3.468995711342816e-4,0.0015894713252279167,0.7011627011627012,0.008048070050315333,0.009410617530690465,79,221,179,375,0.671421073940337,3.5774975364731,Lactobacillus,0.472,0.472,0.0015910697039066982,0.0015910697039066982,0.7019487179487179,0.7019487179487179,0.009430855799928667,0.009430855799928667,17.434503067332905,empirical,empirical,NA,NA,NA,NA,2.798310793729323,combined_bh_significant,Lactobacillus
Leuconostoc,1.322123420646629,1.7480103394223432,2.2691084442187037,1.5063560150969304,0.7746040291127401,0.339655646271629,1.1548487688343345,0.8176113436370812,0.5195195195195195,NA,NA,NA,34.14,14.97,50.89,0.2981092806170502,4.122747731165847e-5,2.5169404284450627e-4,0.7174317174317173,0.0015941291227174607,0.001840512688300452,18,3,179,375,-2.4042698689840662,-4.101228415781027,Leuconostoc,0.52,0.52,2.5190700530665046e-4,2.5190700530665046e-4,0.7180952380952381,0.7180952380952381,0.0018420699763048816,0.0018420699763048816,21.500664132541754,empirical,empirical,NA,NA,NA,NA,3.5987597549960544,combined_bh_significant,Leuconostoc
Family_XIII_AD3011_group,2.407423192710613,5.795686428800961,8.548028737100731,2.9237012051679856,3.742168797215386,3.729999386898424,1.0758605529869214,0.8247703677463344,0.19519519519519518,NA,NA,NA,43.78,43.64,12.59,0.47489496578392143,0.7250173865636844,0.4182358942957036,0.4312884312884313,0.867031101457602,0.5689953445650852,2,5,179,375,0.2682537619348304,0.3517827792295552,Family_XIII_AD3011_group,0.196,0.196,0.41937561433093384,0.41937561433093384,0.43292857142857144,0.43292857142857144,0.5705458939153402,0.5705458939153402,3.902400525398964,empirical,empirical,NA,NA,NA,NA,0.37739682630132504,not_significant,Family_XIII_AD3011_...
Terrisporobacter,1.3862991279353039,1.921825272114184,1.9336234845121396,1.390547908024797,1.5293219764970514,0.0749105691688476,0.3293909388462406,0.9024509566109232,0.003062156455007397,0.6870789560704372,250,0.08366801873702615,79.09,3.87,17.03,0.006139066110300684,9.359267549898122e-5,4.604211039414311e-6,0.02089471463416812,0.0027141875894704554,5.386926916114743e-5,31,21,179,375,-1.1743932151301824,-3.906541541026006,Terrisporobacter,0.00308673975165177,0.00308673975165177,4.638864076184606e-6,4.638864076184606e-6,0.021062459481859138,0.022378863199475334,6.030523299039988e-5,6.030523299039988e-5,30.114396544780384,gpd,gpd,NA,NA,NA,NA,5.333588352600406,combined_bh_significant,Terrisporobacter
Paeniclostridium,0.9448828189006246,0.8928035414535906,0.9245417599334786,0.9615309459052676,0.708928811122903,0.004947345099204954,0.21066560371137077,0.8638946437861809,0.2782782782782783,NA,NA,NA,76.68,0.54,22.79,0.03554893882725252,0.025938097035162273,0.0428112825820318,0.5367990941761434,0.13081822852516625,0.1284338477460954,7,3,179,375,-1.4301834730841143,-2.2266915352156103,Paeniclostridium,0.279,0.279,0.04290357037878919,0.04290357037878919,0.5381639344262295,0.5381639344262295,0.12871071113636756,0.12871071113636756,9.857171920387565,empirical,empirical,NA,NA,NA,NA,1.3675065648948705,not_significant,Paeniclostridium
Intestinibacter,1.6483419417690717,2.717031156995034,2.721701555774987,1.6497580294621956,2.263122240560617,0.17224260470078545,0.28633671051358495,0.905489270524802,4.445337435936563e-16,0.2955288366279777,250,0.021590850152325532,83.15,6.33,10.52,0.0017189345686849933,7.185720224394818e-4,1.3923213779827703e-17,5.1565914256864135e-14,0.011907764943282842,1.6290160122398413e-15,130,212,179,375,-0.7077247902930323,-3.3823918091143685,Intestinibacter,1.1667986860990074e-12,1.1667986860990074e-12,2.9944489458676095e-14,2.9944489458676095e-14,1.3534864758748485e-10,1.3534864758748485e-10,3.503505266665103e-12,3.503505266665103e-12,69.43000380091904,gpd,gpd,NA,NA,NA,NA,13.523683087060316,combined_bh_significant,Intestinibacter
Clostridioides,0.640428114442019,0.41014816976775975,0.43344526319897786,0.6583655999511046,0.013475492077171134,0.30554827443789484,0.1144214966839119,0.960570407948648,0.13913913913913914,NA,NA,NA,3.11,70.49,26.4,0.05680165156999184,0.07276287992844276,0.05662273272600779,0.37535209628232885,0.21101235179248398,0.15056499383961164,22,27,179,375,-0.5391361900601702,-1.7942951528094133,Clostridioides,0.14,0.14,0.05691022833338978,0.05691022833338978,0.3776744186046512,0.3776744186046512,0.15132947079560466,0.15132947079560466,9.173324402567635,empirical,empirical,NA,NA,NA,NA,1.2448096719258117,not_significant,Clostridioides
Peptostreptococcus,1.507057908592906,2.2712235398524236,2.54001466553802,1.5937423460327644,0.4342843131499463,1.5904715954142936,0.5152587569737803,0.7354641652488709,0.8298298298298298,NA,NA,NA,17.1,62.62,20.29,0.11834639830435245,0.062327426884440346,0.2049134527147295,0.8912987061135209,0.20516223333349637,0.35257167599446104,5,2,179,375,-1.3985877639621638,-1.8633469588560803,Peptostreptococcus,0.83,0.83,0.2049448662112586,0.2049448662112586,0.8914814814814815,0.8914814814814815,0.3527366837883998,0.3527366837883998,5.923366578682735,empirical,empirical,NA,NA,NA,NA,0.6883629561181378,not_significant,Peptostreptococcus
Romboutsia,0.6770325197283011,0.45837303276965247,0.46499008431008193,0.6819018142739334,0.007947859754665332,0.3298884026064459,0.12715382194897068,0.9179613295746482,0.002289481040754845,0.0545562073734075,230,-0.26492752187093493,1.71,70.95,27.35,0.014435952962692511,0.5242798543906565,0.009272731654593682,0.016598737545472628,0.7240055132061447,0.040181837169905955,82,171,179,375,0.12742614808463326,0.6367621040731848,Romboutsia,0.0029971813507205644,0.003520852457622925,0.011715779195336335,0.013465525376047175,0.021062459481859138,0.022938455238449628,0.047267109167391415,0.05178312902415567,12.589563614387336,gpd,gpd,NA,NA,NA,NA,1.8707766973236173,not_significant,Romboutsia
Solobacterium,1.3324390812724631,1.7753939053022056,1.7901722807757232,1.337973198825643,1.0415145176702583,0.6636426515936396,0.08501511151182528,0.8699741036649106,0.11611611611611612,NA,NA,NA,58.18,37.07,4.75,0.008323998088188844,0.002465857833042449,0.0026222808285903294,0.3207016540349874,0.02600359169390219,0.013945766224775844,11,3,179,375,-1.8437647497034746,-3.02727850764538,Solobacterium,0.117,0.117,0.0026400540047005695,0.0026400540047005695,0.3231428571428572,0.3231428571428572,0.014486875331286113,0.014486875185260973,16.301593741841213,empirical,empirical,NA,NA,NA,NA,2.5783871891515453,not_significant,Solobacterium
Holdemanella,2.5000798604208683,6.250399308482028,6.543294227724817,2.557986361911419,2.930441264667724,2.496195759667041,1.1166572033900526,0.8704188088850259,0.004294467245289289,0.09906293492304913,250,-0.09149598863002531,44.79,38.15,17.07,0.04686019321122714,0.8645380012848547,0.02448912259437366,0.027675455580753194,0.9372561509256367,0.0868250710164157,15,30,179,375,0.05652250724963668,0.17060101465009936,Holdemanella,0.0035594149494328044,0.003559415468035287,0.02087519612977766,0.020875198722917078,0.02293845189634474,0.022938455238449628,0.07401205900557534,0.07401206819943328,11.56743791853276,gpd,gpd,NA,NA,NA,NA,1.6803693815279281,not_significant,Holdemanella
Faecalicoccus,2.3580514685182195,5.560406728180931,6.052367661165278,2.4601560237442825,1.808746945150408,3.185959705790223,1.0576610102246473,0.7973585078623243,0.46846846846846846,NA,NA,NA,29.88,52.64,17.48,0.08847570996758547,0.06519436637302019,0.13709069745475064,0.7011627011627012,0.20516223333349637,0.26294445249517745,6,3,179,375,-1.2162835849026754,-1.8434767473556384,Faecalicoccus,0.469,0.469,0.13721157015636104,0.13721157015636104,0.7019487179487179,0.7019487179487179,0.2631762902999056,0.2631762902999056,6.975069459280637,empirical,empirical,NA,NA,NA,NA,0.8626092658654203,not_significant,Faecalicoccus
Faecalitalea,4.118228453065116,16.9598055916351,18.459092615573073,4.296404614974371,11.44680418880534,4.20386852912161,2.8084198976461257,0.6938879668829265,0.015015015015015015,NA,NA,NA,62.01,22.77,15.21,0.0884023708784405,0.7595090437407696,0.06242329138553414,0.08294008294008294,0.899010704836013,0.1587722846110325,5,8,179,375,-0.16959386404167748,-0.3061179328161347,Faecalitalea,0.016,0.016,0.06574613607767285,0.06574613607767285,0.08838095238095238,0.08838095238095238,0.16366591321463242,0.16366591321463242,8.82049921253355,empirical,empirical,NA,NA,NA,NA,1.1821297657196477,not_significant,Faecalitalea
[Clostridium]_innocuum_group,1.9725022345890584,3.8907650654588286,3.920175862091691,1.979943398709087,1.6798433910053885,1.3985326886282083,0.8417997824580936,0.8234948770987772,3.1568518898950064e-6,0.6702267465561936,250,0.07117955525509262,42.85,35.68,21.47,0.007559129409782095,0.28254286154824176,1.3316628658197814e-5,4.285124265734108e-5,0.48272590098919305,1.298371294174287e-4,84,149,179,375,-0.2118085812729126,-1.0746246018938457,[Clostridium]_innocuum_group,4.463642800451448e-6,4.463642800451448e-6,1.8392241304296053e-5,1.8392241304296053e-5,5.753139609470756e-5,5.753139609470756e-5,1.793243527168865e-4,1.793243527168865e-4,27.16694074303304,gpd,gpd,NA,NA,NA,NA,4.7353653438028935,combined_bh_significant,[Clostridium]_innoc...
Erysipelotrichaceae_UCG-003,0.5857414219207742,0.34309301335377035,0.3489857925570874,0.5907501947160808,0.009594404560855516,0.14789099130363362,0.19150039669259827,0.8580824947057424,0.021021021021021023,NA,NA,NA,2.75,42.38,54.87,0.01717545672444487,0.06543967787361522,0.010439301351499822,0.10601906254080168,0.20516223333349637,0.04362136636162426,95,217,179,375,0.37990341000366795,1.8422424248941294,Erysipelotrichaceae_UCG-003,0.022,0.022,0.01085994131552464,0.01085994131552464,0.11095652173913043,0.11095652173913043,0.04599340797833953,0.04599340797833953,13.086678669585574,empirical,empirical,NA,NA,NA,NA,1.964172521562336,not_significant,Erysipelotrichaceae...
Erysipelatoclostridium,0.8284435448118052,0.6863187069403495,0.6902239242231256,0.8307971619012222,0.21695203432797294,0.08502595201459212,0.3882459378805606,0.9187303794223804,1.1478268258013826e-8,0.5543834308591148,250,-0.12909851594657015,31.43,12.32,56.25,0.0056900930184256016,0.08056412827147923,2.0160657830832672e-8,2.6629582358592073e-7,0.21733578789515326,3.36970995172489e-7,156,340,179,375,0.5744252637729346,1.7474516363424826,Erysipelatoclostridium,7.197371996811846e-9,6.837574424138627e-8,1.2912245745183931e-8,1.1026601303943228e-7,2.0872378790754353e-7,1.5863172664001616e-6,2.5178879203108666e-7,1.8430176465162253e-6,38.03389895753445,gpd,gpd,NA,NA,NA,NA,6.957558328212271,combined_bh_significant,Erysipelatoclostridium
Eubacterium,2.197155324001377,4.827491517787595,4.846553580753042,2.201488946316343,3.427302054477999,1.102401165271318,0.3168503610037249,0.961261238392182,0.07907907907907907,NA,NA,NA,70.72,22.75,6.54,0.003948647635155789,0.8118569785278185,0.24047976001136187,0.26979921097568155,0.9263658848071046,0.39077961001846306,8,14,179,375,-0.10532018454836377,-0.23802944497229872,Eubacterium,0.08,0.08,0.2425282910837813,0.2425282910837813,0.27294117647058824,0.27294117647058824,0.3941084730111446,0.3941084730111446,5.4683194669204624,empirical,empirical,NA,NA,NA,NA,0.6152375933713181,not_significant,Eubacterium
Christensenellaceae_R-7_group,0.8765542526975154,0.7683473579220997,0.8922453182256205,0.9445873798784422,0.34143148165673215,0.36898700926950817,0.18182682729938013,0.9329458162719045,0.6146146146146146,NA,NA,NA,38.27,41.35,20.38,0.16125253640305015,0.23747640497529243,0.4268419375951242,0.7825216520868695,0.43453717408024395,0.5740288126279256,6,5,179,375,-0.7067183023883535,-1.181125490153667,Christensenellaceae_R-7_group,0.615,0.615,0.4270180341610115,0.4270180341610115,0.783,0.783,0.5742656321475672,0.5742656321475672,3.8476400381816007,empirical,empirical,NA,NA,NA,NA,0.369553783121992,not_significant,Christensenellaceae...
Stenotrophomonas,1.9074634380959796,3.638416767672935,3.6357853361975176,1.9067735408793351,3.633621898951406,1.0233538608423209e-4,0.0020611018600272058,0.990176763187644,0.062062062062062065,NA,NA,NA,99.94,0,0.06,7.232353090490529e-4,0.9833698130390301,0.231693548947238,0.22497497497497498,0.9833698130390301,0.3872592175260978,2,4,179,375,0.016403946709438358,0.02084460598941168,Stenotrophomonas,0.063,0.063,0.23426583650681823,0.23426583650681823,0.228375,0.228375,0.3915586124471105,0.3915586124471105,5.562781147178613,empirical,empirical,NA,NA,NA,NA,0.6302910408882096,not_significant,Stenotrophomonas
Pseudomonas,0.493558582550004,0.24360007440876913,0.24475283391036562,0.4947250083737082,0.07871229549462569,0.0029373460196519146,0.163103192396088,0.8607271688853784,0.7267267267267268,NA,NA,NA,32.16,1.2,66.64,0.004732180416587628,0.19325353210659948,0.4161251196386375,0.851131131131131,0.38027900067805803,0.5689953445650852,2,11,179,375,0.8997657939791238,1.3011879133926008,Pseudomonas,0.727,0.727,0.4162287754864322,0.4162287754864322,0.85144,0.85144,0.5705458939153402,0.5705458939153402,3.9251622314703427,empirical,empirical,NA,NA,NA,NA,0.38066789864871253,not_significant,Pseudomonas
Halomonas,1.019355724547413,1.0390860931675812,1.1180793848603177,1.0573927297179215,0.20465407742173955,0.11196493304597145,0.8014603743926065,0.7084383618917904,0.36236236236236236,NA,NA,NA,18.3,10.01,71.68,0.07602189290391803,0.8923289444139932,0.6884145641308389,0.6091888990439714,0.9410014322911201,0.7701229419309317,6,12,179,375,-0.06630792986462489,-0.13535744290749346,Halomonas,0.363,0.363,0.6890564627229413,0.6890564627229413,0.6102608695652173,0.6102608695652173,0.7701988490124442,0.7701988490124442,2.2545457746688853,empirical,empirical,NA,NA,NA,NA,0.16174518963909426,not_significant,Halomonas
8_Comamonadaceae(F),0.6339802208464902,0.40193092042456446,0.8195095960325347,0.9052676930237458,0.015734900921233575,0.39887088138766813,0.40490381372363304,0.590603029827858,0.35835835835835833,NA,NA,NA,1.92,48.67,49.41,1.038931454108773,0.6272381421542368,0.5602881511993024,0.6091888990439714,0.7997360189786727,0.6689154458195754,2,6,179,375,0.3599652826943727,0.48567078628819205,8_Comamonadaceae(F),0.359,0.359,0.560888526497926,0.560888526497926,0.6102608695652173,0.6102608695652173,0.6696322204107892,0.6696322204107892,2.9817237778103753,empirical,empirical,NA,NA,NA,NA,0.2511234438015071,not_significant,8_Comamonadaceae(F)
Delftia,0.8759007269000155,0.7672020833839756,0.8352679533509417,0.9139299499146211,0.2801629090761687,0.3659540463940713,0.18915099788070183,0.9507379008621317,0.3103103103103103,NA,NA,NA,33.54,43.81,22.65,0.08871961044049992,0.22791086827090334,0.25806737098758836,0.5537845537845538,0.42641388257136753,0.40802543791280865,10,13,179,375,-0.5076103766938944,-1.2057323708964687,Delftia,0.311,0.311,0.25848358420349477,0.25848358420349477,0.5550153846153847,0.5550153846153847,0.4086835047541742,0.4086835047541742,5.293526043799016,empirical,empirical,NA,NA,NA,NA,0.5875670329035677,not_significant,Delftia
Sutterella,1.4265081071123933,2.034925379657383,2.00488521576494,1.415939693548048,1.3387170689680836,0.3261098210112567,0.3400583257855994,0.6825160822480826,0.15715715715715717,NA,NA,NA,66.77,16.27,16.96,0.014762292609226346,0.06741455186198837,0.058772959610605524,0.41432341432341435,0.20579178989449085,0.15280969498757438,2,15,179,375,1.2358737573276861,1.8290984086246334,Sutterella,0.158,0.158,0.059031190397141685,0.059031190397141685,0.41654545454545455,0.41654545454545455,0.15348109503256838,0.15348109503256838,9.084109254651768,empirical,empirical,NA,NA,NA,NA,1.2289184588981132,not_significant,Sutterella
Haemophilus,0.3013806938617602,0.09083032263259602,0.09428390424090094,0.3070568420356416,0.03644243911317681,0.005799932205297942,0.0520415329224262,0.9931164889919664,0.9219219219219219,NA,NA,NA,38.65,6.15,55.2,0.038022342189342195,2.2877368276922343e-5,2.481722998176751e-4,0.9634499364229093,0.001326887360061496,0.001840512688300452,43,153,179,375,0.8906913905277554,4.2347842283951245,Haemophilus,0.922,0.922,2.481915313705886e-4,2.481915313705886e-4,0.9635315315315316,0.9635315315315316,0.0018420699763048816,0.0018420699763048816,21.533144952711286,empirical,empirical,NA,NA,NA,NA,3.605213041297277,combined_bh_significant,Haemophilus
9_Pasteurellaceae(F),1.9757141643757563,3.903446459314993,4.122571784778696,2.030411727896265,3.246070482923878,0.8765013018548182,0,0,0.19019019019019018,NA,NA,NA,78.74,21.26,0,0.05613637275356842,0.5412217365424401,0.3369740885306573,0.4312884312884313,0.7306143878129197,0.4867403500998383,1,4,179,375,0.5683922812739816,0.6111258151970601,9_Pasteurellaceae(F),0.191,0.191,0.33796967028939345,0.33796967028939345,0.43292857142857144,0.43292857142857144,0.488178412640235,0.488178412640235,4.53881614164726,empirical,empirical,NA,NA,NA,NA,0.4711222719619055,not_significant,9_Pasteurellaceae(F)
Acinetobacter,0.3971033805771221,0.15769109486577865,0.1639185892882492,0.4048686074373379,0.033969769492127926,0.006287107323727086,0.1236617124723942,0.884967764258747,0.35235235235235235,NA,NA,NA,20.72,3.84,75.44,0.03949173177959864,0.8225490184063085,0.6487694603753026,0.6091888990439714,0.9263658848071046,0.7515448204347565,10,21,179,375,0.08751141489864415,0.2242691431487024,Acinetobacter,0.353,0.353,0.6494287316509781,0.6494287316509781,0.6102608695652173,0.6102608695652173,0.7523085307244004,0.7523085307244004,2.4732688466413926,empirical,empirical,NA,NA,NA,NA,0.1874685014792666,not_significant,Acinetobacter
Bilophila,1.0515852664788716,1.1058315726754395,0.9863799449521373,0.993166624968911,0.11171045579636853,0.5787439989593582,0.2959254901964106,0.8855394470111552,0.5975975975975976,NA,NA,NA,11.33,58.67,30,0.10801972983489871,0.04523171983601795,0.12463146360064942,0.7741074407741075,0.17904208475390804,0.25141174553924106,3,20,179,375,1.1579390782357986,2.002630846832381,Bilophila,0.598,0.598,0.12469717881528684,0.12469717881528684,0.7746222222222222,0.7746222222222222,0.25154430898945795,0.25154430898945795,7.220242394029384,empirical,empirical,NA,NA,NA,NA,0.9041433720131428,not_significant,Bilophila
Fusobacterium,0.6028280834604779,0.3634016982086329,0.376834279636853,0.6138682917669335,0.0951410363004305,0.07611672993966767,0.20557651339675484,0.9456002790184607,0.7777777777777778,NA,NA,NA,25.25,20.2,54.55,0.03696345254971356,0.0216779454659927,0.0856987476520807,0.8898513898513899,0.11430189427523423,0.20462762194476414,14,10,179,375,-0.9699749043848424,-2.2958092105445957,Fusobacterium,0.778,0.778,0.08571841499921487,0.08571841499921487,0.8900769230769231,0.8900769230769231,0.20467458275322736,0.20467458275322736,8.164977256067598,empirical,empirical,NA,NA,NA,NA,1.0669258680018712,not_significant,Fusobacterium
Brevundimonas,0.6547928882734255,0.4287537265334547,0.754292933648181,0.8685003935797502,0.12895966930002362,0.2098523755572596,0.41548088879089773,0.7720960753011337,0.7887887887887888,NA,NA,NA,17.1,27.82,55.08,0.7592685193590385,0.20175821570233046,0.4516431875097605,0.8898513898513899,0.39006588369117223,0.6004801470300225,2,11,179,375,0.8823646599982893,1.2767231175055787,Brevundimonas,0.789,0.789,0.45172150312233456,0.45172150312233456,0.8900769230769231,0.8900769230769231,0.6005842711967403,0.6005842711967403,3.6753484172099986,empirical,empirical,NA,NA,NA,NA,0.3451292353958847,not_significant,Brevundimonas
Akkermansia,1.3438643303537876,1.805971338397234,1.8291318752297872,1.3524540196360788,0.3030899232731841,1.224638277952283,0.3014036740043201,0.8791141923928587,9.45531510707929e-6,0.13099839709547056,240,-0.08999348078758296,16.57,66.95,16.48,0.012824421041536471,9.938333644259805e-4,1.830807205649773e-7,1.0968165524211975e-4,0.014410583784176716,2.6775555382627927e-6,76,202,179,375,0.6619301242019072,3.292266636085985,Akkermansia,3.995262833561591e-6,3.9952627435288e-6,8.077976398253957e-8,8.077976225165454e-8,5.753139609470756e-5,5.753139609470756e-5,1.350176055136733e-6,1.5752053639072636e-6,38.68868443919999,gpd,gpd,NA,NA,NA,NA,7.092697429365417,combined_bh_significant,Akkermansia
Blastococcus,1.124950303998056,1.2655131864653184,1.6620956761161318,1.2892228962115635,0.5326205027406923,0.7873772307546469,0.3420979426207927,0.7401962955596847,0.6816816816816816,NA,NA,NA,32.05,47.37,20.58,0.31337681336889167,0.6273791183367174,0.790936778718018,0.8397028607554924,0.7997360189786727,0.850075134207401,3,4,179,375,-0.346005851936228,-0.48536839542535487,Blastococcus,0.682,0.682,0.7911063619488574,0.7911063619488574,0.8400842105263158,0.8400842105263158,0.8505165861535308,0.8505165861535308,1.6978597755464184,empirical,empirical,NA,NA,NA,NA,0.10176512294718226,not_significant,Blastococcus
Corynebacterium,0.3248200720128494,0.10550807918243267,0.10795793401092839,0.328569526905537,0.052263620058172346,0.004229944644589553,0.05146436930816649,0.970660512851271,0.29429429429429427,NA,NA,NA,48.41,3.92,47.67,0.023219594627058804,5.6322885469338e-4,0.0016086525693487976,0.5506151312602925,0.01088909119073868,0.009410617530690465,28,103,179,375,0.834892042427155,3.4487405645832774,Corynebacterium,0.295,0.295,0.001612112102551909,0.001612112102551909,0.5519354838709677,0.5519354838709677,0.009430855799928667,0.009430855799928667,17.40520888719937,empirical,empirical,NA,NA,NA,NA,2.79260476164574,combined_bh_significant,Corynebacterium
Lawsonella,1.5681478441869694,2.4590876612282395,2.956199640630251,1.7193602416684675,0.5247643382293972,1.0106953935151572,1.4207399088856962,0.6556970343181989,0.4084084084084084,NA,NA,NA,17.75,34.19,48.06,0.2021530127778035,0.23974464776841045,0.3254327795892323,0.6579913246579914,0.43453717408024395,0.47594544014925216,6,5,179,375,-0.7049750693346434,-1.175433164094722,Lawsonella,0.409,0.409,0.32576224495070605,0.32576224495070605,0.6589444444444444,0.6589444444444444,0.47642728324040756,0.47642728324040756,4.644442025252931,empirical,empirical,NA,NA,NA,NA,0.4870992507816861,not_significant,Lawsonella
Cutibacterium,1.234465438781584,1.5239049195462089,1.575552855899882,1.2552102835381336,0.6458900015337788,0.9296628543661031,0,0,0.5175175175175175,NA,NA,NA,40.99,59.01,0,0.033891836486132476,0.01793483994541017,0.052716872725943276,0.7174317174317173,0.09906863969845618,0.14343893276593866,1,18,179,375,1.9723947219098465,2.3668866945579667,Cutibacterium,0.518,0.518,0.05275736347959085,0.05275736347959085,0.7180952380952381,0.7180952380952381,0.1435491052816774,0.1435491052816774,9.357580257816224,empirical,empirical,NA,NA,NA,NA,1.2777169162127775,not_significant,Cutibacterium
Actinomyces,0.5235964334557373,0.2741532251275683,0.2738925066736478,0.5233474053376473,0.09769236563170121,0.10992022579842697,0.06627991524351963,0.9790665862973278,0.026026026026026026,NA,NA,NA,35.67,40.13,24.2,9.509953924459191e-4,0.8021661106139968,0.10165310973013626,0.11611611611611612,0.9263658848071046,0.23705747689181197,121,243,179,375,-0.05094038452279315,-0.2505447005374417,Actinomyces,0.027,0.027,0.10466155286948607,0.10466155286948607,0.1202962962962963,0.1202962962962963,0.23735056390954787,0.23735056390954787,7.664715970147166,empirical,empirical,NA,NA,NA,NA,0.9802128258963171,not_significant,Actinomyces
Varibaculum,0.8081354586954126,0.6530829196008449,0.6529558711723684,0.8080568489731205,0.3415952877438619,0.07542444992370032,0.23593613350480624,0.9616438208227932,0.1941941941941942,NA,NA,NA,52.32,11.55,36.13,1.945364434796648e-4,0.9661787585679003,0.5015819711389757,0.4312884312884313,0.9833698130390301,0.6310224798200017,23,43,179,375,0.012063824252821114,0.04240149425891459,Varibaculum,0.195,0.195,0.5028831122526028,0.5028831122526028,0.43292857142857144,0.43292857142857144,0.6326593992855326,0.6326593992855326,3.338324264060741,empirical,empirical,NA,NA,NA,NA,0.29853294854819984,not_significant,Varibaculum
Dermabacter,1.0654448593810337,1.1351727483814706,1.085117205523827,1.0416895917325022,0.7307042097214923,0.16758207787602986,0.18683091792630477,0.8969279215407076,0.30430430430430433,NA,NA,NA,67.34,15.44,17.22,0.04409508854842836,0.17625478782673076,0.21054732372272178,0.5537845537845538,0.38027900067805803,0.3570150271820065,3,14,179,375,0.8059963775923619,1.3524962285138198,Dermabacter,0.305,0.305,0.21090591393363342,0.21090591393363342,0.5550153846153847,0.5550153846153847,0.35762307145268274,0.35762307145268274,5.846536350118173,empirical,empirical,NA,NA,NA,NA,0.6759112422010854,not_significant,Dermabacter
Actinotignum,0.686858528193377,0.4717746377519721,0.5762633747600212,0.7591201319685977,0.05381968971977592,0.5224436850402453,0,0,0.8428428428428428,NA,NA,NA,9.34,90.66,0,0.22148019127510277,0.38650717779652094,0.6911359735277591,0.8969703648602732,0.59779776832528575,0.7701229419309317,1,5,179,375,0.7852684129744637,0.8661942187051912,Actinotignum,0.843,0.843,0.6912040952675781,0.6912040952675781,0.8971376146788991,0.8971376146788991,0.7701988490124442,0.7701988490124442,2.2427863216713257,empirical,empirical,NA,NA,NA,NA,0.16039369740005105,not_significant,Actinotignum
Rothia,0.3127940703253483,0.09784013043069893,0.09774993253403678,0.31264985612348645,0.008190163720355985,0.05791371577382993,0.031646053039850866,0.9883971288489984,0.07807807807807808,NA,NA,NA,8.38,59.25,32.37,9.218906011785322e-4,0.1516319866952769,0.06436161491481533,0.26979921097568155,0.347606195903543,0.16021933925602966,120,223,179,375,-0.27878502188668647,-1.4337906245199843,Rothia,0.079,0.079,0.06498096212137569,0.06498096212137569,0.27294117647058824,0.27294117647058824,0.16366591321463242,0.16366591321463242,8.849212521025844,empirical,empirical,NA,NA,NA,NA,1.187213862690774,not_significant,Rothia
Parabacteroides,0.442595267292537,0.1958905706297523,0.2148225211420728,0.46348950488880847,0.05607795331946306,0.07295405922173746,0.08579050860087227,0.9912287349882077,0.8098098098098098,NA,NA,NA,26.1,33.96,39.94,0.09664554272039605,0.028615093502112325,0.11041314125950562,0.8912987061135209,0.13344211622512775,0.23705747689181197,26,81,179,375,0.5415791024156765,2.188755033141056,Parabacteroides,0.81,0.81,0.11043362970327476,0.11043362970327476,0.8914814814814815,0.8914814814814815,0.23735056390954787,0.23735056390954787,7.529083973702415,empirical,empirical,NA,NA,NA,NA,0.9568986533231466,not_significant,Parabacteroides
Porphyromonas,0.9319613894922041,0.8685520315042398,0.9860704359379258,0.9930107934649682,0.08840717120510562,0.8092239132805855,0.0884393514522346,0.8444265572135372,0.5945945945945946,NA,NA,NA,8.97,82.07,8.97,0.13530381620333864,0.7076920510258666,0.7850347072653179,0.7741074407741075,0.8551278949895887,0.850075134207401,2,5,179,375,0.28678277768672233,0.37497339438441263,Porphyromonas,0.595,0.595,0.7852829582339005,0.7852829582339005,0.7746222222222222,0.7746222222222222,0.8505165861535308,0.8505165861535308,1.729880219047912,empirical,empirical,NA,NA,NA,NA,0.10497382725834341,not_significant,Porphyromonas
Coprobacter,1.9192370453308434,3.6834708361702657,4.131328319004135,2.032566928542363,0.07964613093955218,3.348471683312722,0.7032105047518606,0.8186026703139223,0.7977977977977978,NA,NA,NA,1.93,81.05,17.02,0.12158572790534428,0.8187980927968569,0.9313945755920052,0.8898513898513899,0.9263658848071046,0.94759274212404,2,5,179,375,0.17415170590585108,0.22910620039756682,Coprobacter,0.798,0.798,0.9314650541994783,0.9314650541994783,0.8900769230769231,0.8900769230769231,0.9476644464464257,0.9476644464464257,0.8511288719924347,empirical,empirical,NA,NA,NA,NA,0.030833433900344376,not_significant,Coprobacter
Alistipes,0.6355914189940894,0.4039764518989202,0.47413452315147814,0.6885742684354957,0.09993397266979562,0.12248410074114886,0.25171644974053364,0.9600826317525113,0.7947947947947948,NA,NA,NA,21.08,25.83,53.09,0.17366871490349234,0.056870322648832496,0.18516968239495651,0.8898513898513899,0.19990780082619908,0.33330542831092175,9,31,179,375,0.758069062760093,1.904378851354399,Alistipes,0.795,0.795,0.18520581909564163,0.18520581909564163,0.8900769230769231,0.8900769230769231,0.33337047437215495,0.33337047437215495,6.192789617124117,empirical,empirical,NA,NA,NA,NA,0.7323453720740383,not_significant,Alistipes
Gordonibacter,1.670515067907503,2.790620592106009,2.9308740468537184,1.7119795696367752,1.7932009875356563,1.0076602494754336,0.13001280984262842,0.9498767934505729,0.01901901901901902,NA,NA,NA,61.18,34.38,4.44,0.050258876159823496,0.3003743820133039,0.03521980955969809,0.10028210028210029,0.4839365043547674,0.1144643810690188,9,11,179,375,-0.46410467706137315,-1.0355889693236215,Gordonibacter,0.02,0.02,0.03673427692462992,0.03673427692462992,0.10545454545454545,0.10545454545454545,0.1178859126142259,0.1178859126142259,10.22949729547938,empirical,empirical,NA,NA,NA,NA,1.4349285043627884,not_significant,Gordonibacter
Senegalimassilia,0.7416719866935164,0.5500773358459076,0.584750877306009,0.7646900530973376,0.25289029119270445,0.07667125889363369,0.25518932721967086,0.9681544757589359,0.5185185185185185,NA,NA,NA,43.25,13.11,43.64,0.06303393941286561,0.3854305535109202,0.5216507472102544,0.7174317174317173,0.59779776832528575,0.6492886959957422,15,38,179,375,0.2758587694535117,0.867939761275768,Senegalimassilia,0.519,0.519,0.5219494733814879,0.5219494733814879,0.7180952380952381,0.7180952380952381,0.6496605147407881,0.6496605147407881,3.21849128911583,empirical,empirical,NA,NA,NA,NA,0.2823715362576555,not_significant,Senegalimassilia
Eggerthella,0.20031143644351115,0.04012467157006281,0.03972629331779444,0.19931455872011566,0.0019965859278877926,0.0059554451021257004,0.03177426228778094,0.9909998229303163,0.8898898898898899,NA,NA,NA,5.03,14.99,79.98,0.009928511229624681,0.19341776758625365,0.4749769551766504,0.9384293384293384,0.38027900067805803,0.6174700417296455,71,120,179,375,-0.25721788863423467,-1.3005345852750891,Eggerthella,0.89,0.89,0.47501442765923735,0.47501442765923735,0.9385454545454545,0.9385454545454545,0.6175187559570086,0.6175187559570086,3.518873293619249,empirical,empirical,NA,NA,NA,NA,0.32329319930642625,not_significant,Eggerthella
Slackia,1.3676582328669085,1.8704890419286349,2.0839528103052505,1.443590250142072,1.016633968422127,0.8852233600389949,0.1820954818441284,0.8912546850567176,0.16716716716716717,NA,NA,NA,48.78,42.48,8.74,0.11412190266376343,0.2686480988558854,0.18426732355563583,0.41999446254765405,0.47943353026588786,0.33330542831092175,5,5,179,375,-0.6689226025326128,-1.1060439414859808,Slackia,0.168,0.168,0.18496105461026618,0.18496105461026618,0.4220425531914894,0.4220425531914894,0.33337047437215495,0.33337047437215495,6.196288476138023,empirical,empirical,NA,NA,NA,NA,0.7329197069938134,not_significant,Slackia
Atopobium,0.4725545013391289,0.22330775673587278,0.2240361653895646,0.4733245877720326,0.15035620512967496,0.010367767563679632,0.06331219269621001,0.9559421852792069,0.06006006006006006,NA,NA,NA,67.11,4.63,28.26,0.0032619048453090826,0.49236505381415935,0.13369101291411564,0.22474086990216022,0.7051153857091664,0.26294445249517745,28,47,179,375,-0.17883963081004128,-0.686550883731216,Atopobium,0.061,0.061,0.1353168810723295,0.1353168810723295,0.228258064516129,0.228258064516129,0.2631762902999056,0.2631762902999056,7.010832546264272,empirical,empirical,NA,NA,NA,NA,0.8686480208507064,not_significant,Atopobium
Olsenella,1.7749801699160581,3.1505546035952388,3.807685428137568,1.9513291439779112,1.1115460527007854,0.3527307622693726,2.34340861316741,0.7900064122341984,0.9469469469469469,NA,NA,NA,29.19,9.26,61.54,0.20857623727341457,0.1858960798180767,0.48181833262218987,0.9807664807664809,0.38027900067805803,0.619480713371387,4,3,179,375,-0.9372158674025018,-1.322549773450009,Olsenella,0.947,0.947,0.48183546404168687,0.48183546404168687,0.9808214285714286,0.9808214285714286,0.6195027394821688,0.6195027394821688,3.474047315714908,empirical,empirical,NA,NA,NA,NA,0.31710123822975955,not_significant,Olsenella
Libanicoccus,1.4183264740725172,2.011649987054979,1.9512715285591122,1.396879210439869,0.6568013978554214,0.26983428188524755,1.0246358488184433,0.9052261681405233,0.7297297297297297,NA,NA,NA,33.66,13.83,52.51,0.03001439558790231,0.597410705034318,0.7978864070663866,0.851131131131131,0.7786476604941673,0.850075134207401,3,9,179,375,0.3303893483346344,0.528158473058651,Libanicoccus,0.73,0.73,0.7980204283010284,0.7980204283010284,0.85144,0.85144,0.8505165861535308,0.8505165861535308,1.6597223976517834,empirical,empirical,NA,NA,NA,NA,0.09798599112438876,not_significant,Libanicoccus
Collinsella,0.9901865551619765,0.9804694140235419,0.9877225365715384,0.9938423097109211,0.31964650584983195,0.3709835808521296,0.29709244986957684,0.9571523241573859,1.097672273686123e-4,0.17162563733848035,250,0.05270554796945062,32.36,37.56,30.08,0.007397602050870589,0.007437632945799747,1.2261107258122987e-5,0.0010610831978965854,0.06636657090098236,1.298371294174287e-4,145,329,179,375,0.7517892353723417,2.6766128721713525,Collinsella,1.2952768736685397e-4,1.2952768736685397e-4,1.430889932956854e-5,1.430889932956854e-5,0.0012521009778795882,0.0012521009778795882,1.5219465650541083e-4,1.5219465650541083e-4,27.705637061642143,gpd,gpd,NA,NA,NA,NA,4.84439377179433,combined_bh_significant,Collinsella
Anaerococcus,0.44196437745692757,0.19533251094088955,0.20104104138692597,0.44837600447272596,7.190482446676342e-4,0.12372876919286173,0.07659322394939662,0.9636191782115797,0.5135135135135135,NA,NA,NA,0.36,61.54,38.1,0.02922468163921721,0.12331706589428225,0.23806870385016046,0.7174317174317173,0.3099563232642621,0.39077961001846306,22,26,179,375,-0.48558405634339896,-1.5409811821848698,Anaerococcus,0.514,0.514,0.23823422212778403,0.23823422212778403,0.7180952380952381,0.7180952380952381,0.39258315477395395,0.39258315477395395,5.517056964785486,empirical,empirical,NA,NA,NA,NA,0.622995852367458,not_significant,Anaerococcus
Finegoldia,0.2807532045870957,0.0788223618859236,0.08296262823579927,0.28803233887152196,1.5730123767931144e-4,0.019841890142036436,0.06296343685608352,0.9777817534452163,0.987987987987988,NA,NA,NA,0.19,23.92,75.89,0.05252654514295951,0.04411522723053041,0.18013963098178465,0.9965791878835357,0.17904208475390804,0.33330542831092175,20,20,179,375,-0.6740021890478232,-2.0129474018631512,Finegoldia,0.988,0.988,0.18014129121341302,0.18014129121341302,0.9965913043478261,0.9965913043478261,0.33337047437215495,0.33337047437215495,6.266045697375726,empirical,empirical,NA,NA,NA,NA,0.7443867286531558,not_significant,Finegoldia
Peptoniphilus,0.47750019637330815,0.22800643753654784,0.23365871648944403,0.48338257776780086,0.021258823232358476,0.03452159955829144,0.1778782936987941,0.9632775303598434,0.7297297297297297,NA,NA,NA,9.1,14.77,76.13,0.02478999722097841,0.29318979658566235,0.5438626052685821,0.851131131131131,0.48272590098919305,0.6559992249115887,19,25,179,375,-0.34609602043374416,-1.05114156170787,Peptoniphilus,0.73,0.73,0.5439847807052096,0.5439847807052096,0.85144,0.85144,0.6561465911598919,0.6561465911598919,3.083291709200415,empirical,empirical,NA,NA,NA,NA,0.26441325057425696,not_significant,Peptoniphilus
Fenollaria,0.9108029467215434,0.8295620077566466,1.9484441274963036,1.3958668014879871,0.005812741566109756,1.2472890576148095,0.6953423283153845,0.8357085149274539,0.7337337337337337,NA,NA,NA,0.3,64.01,35.69,1.3487624906610756,0.9833698130390276,0.957024438664933,0.851131131131131,0.9833698130390301,0.9584365477270381,2,4,179,375,0.016403946709439367,0.020844605989412943,Fenollaria,0.734,0.734,0.9571098496793959,0.9571098496793959,0.85144,0.85144,0.9584866029382114,0.9584866029382114,0.6520325427326519,empirical,empirical,NA,NA,NA,NA,0.01903821439476679,not_significant,Fenollaria
Clostridium_sensu_strict18,1.4032353284105317,1.9690693868994127,2.5961568168403377,1.6112593884413329,0.2760985910109598,1.9582559929948076,0.36180223283457025,0.9007587692270157,0.3783783783783784,NA,NA,NA,10.63,75.43,13.94,0.31846893467190895,0.22534476749532217,0.29518812873066363,0.6270270270270271,0.42641388257136753,0.43750595442249485,5,4,179,375,-0.7731983449128337,-1.2122144639003343,Clostridium_sensu_strict18,0.379,0.379,0.29553288647456055,0.29553288647456055,0.6280571428571429,0.6280571428571429,0.43908823753625253,0.43908823753625253,4.920685646943913,empirical,empirical,NA,NA,NA,NA,0.529394184428282,not_significant,Clostridium_sensu_s...
Sarcina,0.7800336781779736,0.6084525390918586,0.6660848811860807,0.8161402337748584,0.3779231707149706,0.28816171047111,0,0,0.4924924924924925,NA,NA,NA,56.74,43.26,0,0.09471953585770354,0.4230127455385082,0.5351240308699899,0.7141141141141141,0.6372659543177527,0.6529003986885348,1,5,179,375,0.7259084591592326,0.8014349669485863,Sarcina,0.493,0.493,0.5354606769380765,0.5354606769380765,0.71485,0.71485,0.6533346390309754,0.6533346390309754,3.1351981480650695,empirical,empirical,NA,NA,NA,NA,0.27127241729873114,not_significant,Sarcina
Clostridium_sensu_strict1,0.6964078076508187,0.48498383455701966,0.4876822775262521,0.6983425216369487,0.2699899843167278,0.03758431538758013,0.18010797782194415,0.964148390402381,6.447665013164394e-4,0.5411737455127889,250,-0.053171312228944445,55.36,7.71,36.93,0.005563985388703063,0.12558575166741653,8.43856176645901e-4,0.005073225630805825,0.3099563232642621,0.005807716039268848,151,293,179,375,-0.40796056137266523,-1.5317357756513579,Clostridium_sensu_strict1,9.788837505393558e-4,9.788837505393558e-4,0.0012298135495641617,0.0012298135495641617,0.00811075107589752,0.00811075107589752,0.007993788072167052,0.007993788072167052,18.007728278141556,gpd,gpd,NA,NA,NA,NA,2.910160726392581,combined_bh_significant,Clostridium_sensu_s...
Butyricicoccus,0.592356730213765,0.3508864958295432,0.38644116286252034,0.6216439196698704,0.0034235396267114243,0.12458500314168532,0.2584326200941236,0.8408831453129351,0.8228228228228228,NA,NA,NA,0.89,32.24,66.88,0.10132811452011325,0.8822052398431253,0.9584365477270381,0.8912987061135209,0.9388606222183719,0.9584365477270381,3,6,179,375,0.09927053674911743,0.1481740588810378,Butyricicoccus,0.823,0.823,0.9584866029382114,0.9584866029382114,0.8914814814814815,0.8914814814814815,0.9584866029382114,0.9584866029382114,0.640259260231224,empirical,empirical,NA,NA,NA,NA,0.01841395301092661,not_significant,Butyricicoccus
Incertae_Sedis,1.2248058428096829,1.5001493525807374,1.5117309893527036,1.229524700586655,1.361018818555706,0.09183394556698392,0.058878225230013695,0.9828662076595757,0.035035035035035036,NA,NA,NA,90.03,6.07,3.89,0.007720322481252984,0.046303987436355526,0.012043564563337252,0.14514514514514518,0.17904208475390804,0.04696990179701528,16,15,179,375,-0.7368993322733643,-1.9925396513126705,Incertae_Sedis,0.036,0.036,0.012329987257578638,0.012329987257578638,0.14914285714285713,0.14914285714285713,0.04808695030455669,0.049745121004713816,12.793527080777398,empirical,empirical,NA,NA,NA,NA,1.909037372225529,not_significant,Incertae_Sedis
UBA1819,0.8846244661466772,0.7825604461052936,0.7915000380022671,0.8896628788492117,0.6526040020002196,0.001981232595086425,0.13691480340696105,0.9505345535039939,0.2132132132132132,NA,NA,NA,82.45,0.25,17.3,0.011423516153243662,0.8616747835712039,0.4950053506672938,0.4339075918023287,0.9372561509256367,0.6295176742181889,9,15,179,375,-0.075165174957551,-0.17424221195675477,UBA1819,0.214,0.214,0.496152786458409,0.496152786458409,0.43550877192982457,0.43550877192982457,0.6309769132134114,0.6309769132134114,3.3813132494142106,empirical,empirical,NA,NA,NA,NA,0.30438456524751323,not_significant,UBA1819
Faecalibacterium,0.18726045225088797,0.03506647697720709,0.03451950955875432,0.18579426675426322,0.0020032476006190546,1.3895599887493551e-5,0.03250236635824777,0.9622909824409357,0.45045045045045046,NA,NA,NA,5.8,0.04,94.16,0.015598014559840112,0.168110874546314,0.2711460860173991,0.6966966966966966,0.3750165662956235,0.4229878941871426,103,227,179,375,0.287357605226195,1.3782992298241572,Faecalibacterium,0.451,0.451,0.27138444265485706,0.27138444265485706,0.6975466666666666,0.6975466666666666,0.42335973054157705,0.42335973054157705,5.1588389784071165,empirical,empirical,NA,NA,NA,NA,0.5664150522650995,not_significant,Faecalibacterium
Subdoligranulum,0.5245558661547173,0.27515885671732565,0.28552984265884473,0.5343499252913251,0.025764491102791793,0.100126168499041,0.1596391830570119,0.9288358755753067,0.2042042042042042,NA,NA,NA,9.02,35.07,55.91,0.03769090359382221,0.03960705373021902,0.04705056706339703,0.4312884312884313,0.17670839356559256,0.1376229086604363,37,97,179,375,0.4810716363042695,2.0578299038711876,Subdoligranulum,0.205,0.205,0.047202345427760896,0.047202345427760896,0.43292857142857144,0.43292857142857144,0.1380668603762006,0.1380668603762006,9.626986703854472,empirical,empirical,NA,NA,NA,NA,1.3260364212594042,not_significant,Subdoligranulum
Ruminococcus,0.5806285862140586,0.33712955512893644,0.3932765415944568,0.6271176457367922,0.18988571897783127,0.030824789293755737,0.1725660333228698,0.9185219539899914,0.7257257257257257,NA,NA,NA,48.28,7.84,43.88,0.1665442427438517,0.6737518336532324,0.8387977687466166,0.851131131131131,0.8403786312233867,0.8684897251624261,4,10,179,375,0.23935748772068013,0.4210209240697552,Ruminococcus,0.726,0.726,0.8389299487447968,0.8389299487447968,0.85144,0.85144,0.868626584098595,0.868626584098595,1.4301973987134708,empirical,empirical,NA,NA,NA,NA,0.07627430155951873,not_significant,Ruminococcus
CAG-352,0.42047638552300043,0.17680039078248688,0.1763798804158167,0.4199760474310609,0.13691670737761127,0.009933683406588784,0.029529489631616654,0.9536062795997922,0.043043043043043044,NA,NA,NA,77.63,5.63,16.74,0.0023784470430697757,0.14224229359807725,0.03732165202138938,0.1664330997664331,0.3437522095286867,0.1171269433625676,28,71,179,375,0.37131192931895224,1.4674978085585473,CAG-352,0.044,0.044,0.03801378601291114,0.03801378601291114,0.17013333333333333,0.17013333333333333,0.1178859126142259,0.1178859126142259,10.147578055129095,empirical,empirical,NA,NA,NA,NA,1.4200588743423554,not_significant,CAG-352
Flavonifractor,0.680394907145658,0.46293722966974854,0.47388312371524,0.6883916935257427,0.12907348406355015,3.33669449083997e-5,0.3447762727067814,0.9366459110451439,0.3893893893893894,NA,NA,NA,27.24,0.01,72.76,0.023644445389065183,0.06160093048508095,0.11346340774308948,0.6361854812559038,0.20516223333349637,0.23705747689181197,27,31,179,375,-0.5453992974553716,-1.8691392147572683,Flavonifractor,0.39,0.39,0.11360368870884342,0.11360368870884342,0.6371830985915493,0.6371830985915493,0.23735056390954787,0.23735056390954787,7.457373686275806,empirical,empirical,NA,NA,NA,NA,0.9446075668654265,not_significant,Flavonifractor
[Eubacterium]_coprostanoligenegroup,1.260088044089964,1.587821878858471,1.5655306480480553,1.251211671959647,1.1240306453786244,0.23524249268889147,0.20625750998053957,0.7424766028581276,0.20520520520520522,NA,NA,NA,71.8,15.03,13.17,0.014038873696866738,0.14616856259394073,0.13517762526892796,0.4312884312884313,0.3460316992019821,0.26294445249517745,2,11,179,375,1.0128086001803762,1.4534050680646171,[Eubacterium]_coprostanoligenegroup,0.206,0.206,0.13558479258699802,0.13558479258699802,0.43292857142857144,0.43292857142857144,0.2631762902999056,0.2631762902999056,7.005747790237027,empirical,empirical,NA,NA,NA,NA,0.8677890189197112,not_significant,[Eubacterium]_copro...
Clostridia_UCG-014,0.7006872537426164,0.49096262755736975,0.5623302817457188,0.7498868459612549,0.11677754438434997,0.1328799698996293,0.31267276746173955,0.9038113434453457,0.6326326326326326,NA,NA,NA,20.77,23.63,55.6,0.1453627021335948,0.07980235798310058,0.20123891859344933,0.7890901654342514,0.21733578789515326,0.35257167599446104,9,7,179,375,-0.8697517494892252,-1.751660070099974,Clostridia_UCG-014,0.633,0.633,0.2013264519766914,0.2013264519766914,0.7895483870967742,0.7895483870967742,0.3527366837883998,0.3527366837883998,5.970974166280959,empirical,empirical,NA,NA,NA,NA,0.6960991600701757,not_significant,Clostridia_UCG-014
Monoglobus,0.8501444009665764,0.7227455024948191,0.7546847022608769,0.8687259074419715,0.5949887034305285,0.006899772732200397,0.15279622609814802,0.9488903466228351,0.47847847847847846,NA,NA,NA,78.84,0.91,20.25,0.04419148878243884,0.43618759940033214,0.5357131476418747,0.7025759937152343,0.6486892503902375,0.6529003986885348,5,5,179,375,-0.4975763583389936,-0.7785363176497709,Monoglobus,0.479,0.479,0.5360694474100312,0.5360694474100312,0.7033417721518987,0.7033417721518987,0.6533346390309754,0.6533346390309754,3.1314750717832043,empirical,empirical,NA,NA,NA,NA,0.27077894412582904,not_significant,Monoglobus
Epulopiscium,1.6974555391079416,2.8813553072482323,2.8003814923098025,1.6734340418163491,0.05493387169485318,2.3764227066788157,0.36902491393613357,0.854459194057755,0.6006006006006006,NA,NA,NA,1.96,84.86,13.18,0.028102683044584964,0.0024328943869646974,0.01100062603397561,0.7741074407741075,0.02600359169390219,0.04438183606810849,10,2,179,375,-2.1036633732783,-3.031718957753792,Epulopiscium,0.601,0.601,0.011006969430713732,0.011006969430713732,0.7746222222222222,0.7746222222222222,0.04599340797833953,0.04599340797833953,13.055667938266971,empirical,empirical,NA,NA,NA,NA,1.9583322396741831,not_significant,Epulopiscium
[Eubacterium]_hallii_group,0.9432024100047455,0.88963078623876,0.9793066168396001,0.9895992203107277,0.009495441933592466,0.494681886091334,0.4751292888146736,0.8400687857338558,0.6876876876876877,NA,NA,NA,0.97,50.51,48.52,0.10080117728386795,0.7047569743130228,0.8356976610138505,0.8397028607554924,0.8551278949895887,0.8684897251624261,13,28,179,375,0.13191866013450512,0.3789094595370039,[Eubacterium]_hallii_group,0.688,0.688,0.8358570375766201,0.8358570375766201,0.8400842105263158,0.8400842105263158,0.868626584098595,0.868626584098595,1.4477373878676318,empirical,empirical,NA,NA,NA,NA,0.0778679966051743,not_significant,[Eubacterium]_halli...
Anaerostipes,0.5102089428653972,0.26031316537982613,0.2629663819969057,0.512802478540135,0.004897909225676767,0.17075607053774955,0.0873124022334794,0.9181346740748894,6.560205557076498e-4,0.3686300788481664,250,-0.10338519097264287,1.86,64.93,33.2,0.010192402728491423,0.28347459770354216,0.0017833968385870293,0.005073225630805825,0.48272590098919305,0.009936068100699162,147,316,179,375,0.29028641496585567,1.0725482069730234,Anaerostipes,0.0010541695826862588,0.0010541695707511109,0.002724027840070893,0.002724027812613174,0.008152244772773735,0.008152244680475257,0.014486875331286113,0.014486875185260973,16.2312694420464,gpd,gpd,NA,NA,NA,NA,2.564788462543847,not_significant,Anaerostipes
Lachnospiraceae_ND3007_group,0.9846510027850417,0.9695375972855882,1.2072528228597414,1.0987505735423948,0.25639192056312815,0.9508609022966134,0,0,0.6206206206206206,NA,NA,NA,21.24,78.76,0,0.24518412307030069,0.5185033931761156,0.6866579802595912,0.7825216520868695,0.7240055132061447,0.7701229419309317,1,4,179,375,0.6010492021198179,0.6457965877678737,Lachnospiraceae_ND3007_group,0.621,0.621,0.6868809580312789,0.6868809580312789,0.783,0.783,0.7701988490124442,0.7701988490124442,2.266465808332792,empirical,empirical,NA,NA,NA,NA,0.16311852312941663,not_significant,Lachnospiraceae_ND3...
[Eubacterium]_eligengroup,0.3486710520079123,0.1215715025083043,0.13032451178447574,0.3610048639346508,0.0038549963399438854,2.237509508330892e-6,0.12646727793502352,0.9386590243802629,0.964964964964965,NA,NA,NA,2.96,0,97.04,0.07199885742609413,0.33574771452865676,0.6891346595858558,0.9905835038578402,0.5335169162373176,0.7701229419309317,8,22,179,375,0.4025115495360661,0.9626265019124655,[Eubacterium]_eligengroup,0.965,0.965,0.6891479168886371,0.6891479168886371,0.9906194690265486,0.9906194690265486,0.7701988490124442,0.7701988490124442,2.2540448566158675,empirical,empirical,NA,NA,NA,NA,0.16168755226664847,not_significant,[Eubacterium]_elige...
Lachnospira,0.8645167941844286,0.7473892874269217,0.8433517199192323,0.9183418317376337,0.267577124965368,0.5757745949538643,0,0,0.43243243243243246,NA,NA,NA,31.73,68.27,0,0.12839685302780524,0.2900319258095443,0.3858012156451805,0.6778670562454346,0.48272590098919305,0.5373659789343586,1,6,179,375,0.9414520965440695,1.058335094459729,Lachnospira,0.433,0.433,0.38614285904620294,0.38614285904620294,0.6787567567567567,0.6787567567567567,0.5378418393857827,0.5378418393857827,4.14956364808437,empirical,empirical,NA,NA,NA,NA,0.4132519921748403,not_significant,Lachnospira
Hungatella,1.0027828699639223,1.0055734842930808,0.9943884565287092,0.9971902810039361,0.3042945229691066,0.56679466012816615,0.12329927343143658,0.967551468303783,0.17617617617617617,NA,NA,NA,30.6,57,12.4,0.011123033710693675,0.6630546735177515,0.3676347294771765,0.42575909242575904,0.8360254579136867,0.51996528356703,11,25,179,375,0.16093646718634794,0.43570316528985586,Hungatella,0.177,0.177,0.368806324206825,0.368806324206825,0.42774999999999996,0.42774999999999996,0.521691984339488,0.521691984339488,4.285006749553715,empirical,empirical,NA,NA,NA,NA,0.43320164037172276,not_significant,Hungatella
Prevotella,0.4124332432402743,0.17010118012969128,0.16935743996559197,0.4115306063533938,0.006143070314246338,0.04636492287346173,0.1168494467778839,0.9778787252295096,0.987987987987988,NA,NA,NA,3.63,27.38,69,0.004372339824640026,0.5449232820838311,0.8717384105862613,0.9965791878835357,0.7306143878129197,0.8946788950753736,20,32,179,375,-0.18444243172296043,-0.6053830037271943,Prevotella,0.988,0.988,0.8717424635647503,0.8717424635647503,0.9965913043478261,0.9965913043478261,0.8946830547111911,0.8946830547111911,1.2383656845607984,empirical,empirical,NA,NA,NA,NA,0.059611798521977524,not_significant,Prevotella
Bacteroides,0.8287140467593422,0.6867669712962453,0.6854093627673942,0.8278945360173566,0.36737574072573725,0.11327137104500083,0.20476225099665604,0.9740971319983053,2.8339895338396924e-4,0.851314972675798,250,-0.08459984263909376,53.6,16.53,29.87,0.001976811037212145,0.006974117610533807,2.793565613425038e-5,0.002528790660964649,0.06636657090098236,2.5142090520825344e-4,155,347,179,375,0.8751101963713733,2.698132208947626,Bacteroides,2.827953875079954e-4,2.827953805209186e-4,2.788036532457617e-5,2.7880364684459657e-5,0.0025234049962251895,0.0025234049338789663,2.5092328792118555e-4,2.509232821601369e-4,26.272672851189462,gpd,gpd,NA,NA,NA,NA,4.554701549820347,combined_bh_significant,Bacteroides
Bifidobacterium,0.40165030238756405,0.16132296540802163,0.16246113157590752,0.4030646741850587,0.12697336896150163,0.0030818579479879767,0.03240590466641789,0.9880605161741836,0.11211211211211211,NA,NA,NA,78.16,1.9,19.95,0.007055202370023439,NA,0.11211211211211211,0.3207016540349874,NA,0.23705747689181197,179,375,179,375,NA,NA,Bifidobacterium,0.113,0.113,0.113,0.113,0.3231428571428572,0.3231428571428572,0.23735056390954787,0.23735056390954787,NA,empirical,empirical,NA,NA,NA,NA,0.9469215565165803,not_significant,Bifidobacterium
Scardovia,1.3581290702675155,1.844514571505706,1.6941997801116253,1.30161429775169,1.2372633574375196,0.24610340320996033,0.21083301946414557,0.8787596378559537,0.3083083083083083,NA,NA,NA,73.03,14.53,12.44,0.08149287282202189,0.015411797379988863,0.030169130461246543,0.5537845537845538,0.0893884248039354,0.10324702317871023,2,23,179,375,1.5928711130913902,2.4226306753860447,Scardovia,0.309,0.309,0.03022614293994306,0.03022614293994306,0.5550153846153847,0.5550153846153847,0.10401349188156876,0.10401349188156876,10.694072002576565,empirical,empirical,NA,NA,NA,NA,1.5196172681966977,not_significant,Scardovia
[Ruminococcus]_torquegroup,2.2601780126981206,5.108404649084026,5.176373365341881,2.2751644699541793,3.6588858335981276,1.1846708959018977,0.33281663584185567,0.9127172157145527,7.825994760754705e-7,0.6096014799500594,250,-0.06270875127161415,70.68,22.89,6.43,0.013305272570770743,0.2954615428468337,3.7643605811904964e-6,1.2968791317822084e-5,0.48272590098919305,4.8936687555476454e-5,25,34,179,375,-0.3114145728706552,-1.0462131198563651,[Ruminococcus]_torquegroup,1.0963265198136196e-6,1.0963265198344653e-6,5.16421656244109e-6,5.1642165625331236e-6,1.816769661405427e-5,1.816769661439971e-5,6.042133378056075e-5,6.042133378163754e-5,29.885524175012517,gpd,gpd,NA,NA,NA,NA,5.2869955537911615,combined_bh_significant,[Ruminococcus]_torq...
Sellimonas,1.426474017211532,2.034828121779606,2.067491864824638,1.4378775555744092,1.582272021265288,0.0057663648507930996,0.47945347870855703,0.9182379845944262,0.08608608608608609,NA,NA,NA,76.53,0.28,23.19,0.0160523351802635,0.18711306301736,0.08260820254143947,0.2768922768922769,0.38027900067805803,0.2013574936947587,13,15,179,375,-0.5111090317139196,-1.31912872363907,Sellimonas,0.087,0.087,0.0833132845169319,0.0833132845169319,0.2795897435897436,0.2795897435897436,0.2030761310100215,0.2030761310100215,8.235778780190111,empirical,empirical,NA,NA,NA,NA,1.0792857437024368,not_significant,Sellimonas
uncultured18,3.103750988902443,9.633270201112891,11.096166928558695,3.3310909517091685,6.008918985268622,3.427636183725469,1.6596117595646045,0.7751199843507942,0.01001001001001001,NA,NA,NA,54.15,30.89,14.96,0.15185878698562827,0.009030597406009738,9.3210467670644e-4,0.058058058058058054,0.06983661993980864,0.00605868039859186,10,4,179,375,-1.4796982973104875,-2.6105207227635785,uncultured18,0.011,0.011,0.0010149214290180167,0.0010149214290180167,0.0638,0.0638,0.006985047482065174,0.006985047482065174,18.433993524012436,empirical,empirical,NA,NA,NA,NA,2.993567577715997,combined_bh_significant,uncultured18
Lachnoclostridium,0.5984218554536362,0.3581087170845727,0.3596885106410135,0.5997403693607872,0.1037669517606803,0.07793404314104481,0.1779875157392884,0.9622057845043265,0.1881881881881882,NA,NA,NA,28.85,21.67,49.48,0.0044114914858877086,0.045075037236218835,0.048942332216457995,0.4312884312884313,0.17904208475390804,0.13966470412989232,41,54,179,375,-0.4778607904900544,-2.0039467982565036,Lachnoclostridium,0.189,0.189,0.04911678984583657,0.04911678984583657,0.43292857142857144,0.43292857142857144,0.14016254663324093,0.14016254663324093,9.530869895441775,empirical,empirical,NA,NA,NA,NA,1.3087700253725372,not_significant,Lachnoclostridium
[Ruminococcus]_gnavugroup,1.2626507207908417,1.594286842713632,1.6019699115457924,1.2656895004485864,0.7328737197355059,0.40075612580631165,0.468340066003975,0.8740716845233072,1.7360187361722032e-10,0.8407925029482567,250,0.025749718676929816,45.75,25.02,29.24,0.004819125784844891,0.5479607908596897,2.290259874415633e-9,6.712605779865852e-9,0.7306143878129197,6.699010132665727e-8,174,366,179,375,0.3480411330158011,0.600884827014938,[Ruminococcus]_gnavugroup,3.4620009243030217e-12,3.4620009243030217e-12,5.309954812739242e-11,5.309954812739242e-11,2.0079605360957525e-10,2.0079605360957525e-10,3.1063235654524564e-9,3.1063235654524564e-9,53.981451872618635,gpd,gpd,NA,NA,NA,NA,10.274909174711658,combined_bh_significant,[Ruminococcus]_gnav...
Dorea,1.2206811095145325,1.49006237112563,1.5233019805437422,1.2342212040569316,0.5433609540101951,0.7068176948924633,0.27312333164108404,0.9487440609029527,0.2082082082082082,NA,NA,NA,35.67,46.4,17.93,0.022307528907667296,0.009956328379409856,0.014881500096701677,0.4312884312884313,0.07218338075072146,0.05441048472856551,15,10,179,375,-1.0648821189572135,-2.5771756645423403,Dorea,0.209,0.209,0.014930194414636947,0.014930194414636947,0.43292857142857144,0.43292857142857144,0.05458852332851634,0.05458852332851634,12.349935877943137,empirical,empirical,NA,NA,NA,NA,1.8259345370402593,not_significant,Dorea
Coprococcus,2.023376319937343,4.0940517320831855,4.567190133867912,2.137098531623639,3.5778600805867105,0.16042259408299192,0.8289074591982104,0.7838588231574911,0.26226226226226224,NA,NA,NA,78.34,3.51,18.15,0.11556727485316332,0.8789577558593629,0.5687853745490244,0.5245245245245245,0.9388606222183719,0.6722008971943016,2,4,179,375,0.12338827465782405,0.15227049300349982,Coprococcus,0.263,0.263,0.5697360033057376,0.5697360033057376,0.526,0.526,0.6733243675431445,0.6733243675431445,2.9292393771486993,empirical,empirical,NA,NA,NA,NA,0.24432633532134712,not_significant,Coprococcus
Tyzzerella,1.631912570031991,2.663138636228418,2.696915959348053,1.642228960695814,1.7930562970184274,0.8388096785697302,0.06504998375989561,0.9855022019301903,7.603292550769844e-5,0.8607629754714659,250,-0.07904036020376501,66.49,31.1,2.41,0.012683276289165102,0.07035821338787575,7.02849408729743e-5,8.018017598993653e-4,0.20927058341009197,5.873812915812853e-4,33,42,179,375,-0.47350627992030353,-1.809587935276162,Tyzzerella,5.4485431614583617e-5,5.448543580029184e-5,5.1643856270216204e-5,5.1643859943128466e-5,5.745736424810636e-4,5.745736866212594e-4,4.3159508454394975e-4,4.315951152390022e-4,24.94346575381235,gpd,gpd,NA,NA,NA,NA,4.286981305341461,combined_bh_significant,Tyzzerella
22_Lachnospiraceae(F),0.7240877510342146,0.5243030711977867,0.545785164631405,0.7387727422092704,0.11227819635292809,9.637307473921198e-4,0.4325432375310848,0.9319902680425164,0.5505505505505506,NA,NA,NA,20.57,0.18,79.25,0.04097266373920294,0.15282686199207496,0.292406796509395,0.7513395748689867,0.347606195903543,0.43750595442249485,19,22,179,375,-0.48295242241155195,-1.429597032835098,22_Lachnospiraceae(F),0.551,0.551,0.292576790806562,0.292576790806562,0.7519529411764707,0.7519529411764707,0.43908823753625253,0.43908823753625253,4.948940178304419,empirical,empirical,NA,NA,NA,NA,0.5337601280549369,not_significant,22_Lachnospiraceae(F)
Roseburia,0.931855430395936,0.8683545431583951,0.8875703490416122,0.9421095207254899,0.47270512287397903,0.3354448590012374,0.07942036716639575,0.9386255955916664,0.009008741214457135,0.40593060512097245,250,-0.014576988752520021,53.26,37.79,8.95,0.02212898640839156,0.05641888666415006,0.004363190717042352,0.05500073583563304,0.19990780082619908,0.020419732555758206,23,26,179,375,-0.5808411494493412,-1.9077586931594892,Roseburia,0.00886102620717711,0.008861026206478778,0.004299913334060803,0.004299913333761329,0.05409889684381815,0.05409889683955465,0.02029805217715437,0.02029805217715437,15.202088006032215,gpd,gpd,NA,NA,NA,NA,2.3665402976875134,not_significant,Roseburia
Agathobacter,0.30756980549071283,0.09459918524959493,0.09710544765359053,0.31161747007122453,0.002147890130424634,0.03354254515374591,0.061415012369419986,0.9433777755425262,0.2822822822822823,NA,NA,NA,2.21,34.54,63.25,0.026493488261901676,0.07819921097240415,0.10625095459283342,0.5367990941761434,0.21733578789515326,0.23705747689181197,45,112,179,375,0.38189457017365175,1.7612338748913459,Agathobacter,0.283,0.283,0.10646490704735259,0.10646490704735259,0.5381639344262295,0.5381639344262295,0.23735056390954787,0.23735056390954787,7.621608205375257,empirical,empirical,NA,NA,NA,NA,0.9727935207438122,not_significant,Agathobacter
Proteus,2.1139522815782983,4.468794248790093,4.428079556497127,2.104300253408987,0.059250063935542815,3.288401048088536,1.0804284444730483,0.7784705221445587,0.5585585585585585,NA,NA,NA,1.34,74.26,24.4,0.009110889879074158,0.11842383661007741,0.245793075222274,0.7534045673580556,0.305270334372644,0.3939423260411789,3,15,179,375,0.928755016082326,1.5615695659295346,Proteus,0.559,0.559,0.2459350331981727,0.2459350331981727,0.754,0.754,0.39416984772857816,0.39416984772857816,5.43018211980344,empirical,empirical,NA,NA,NA,NA,0.6091796020423432,not_significant,Proteus
Morganella,2.2105329709359314,4.8864560155948356,5.448406713806656,2.3341822366316336,3.76810834494907,0.15595403402637362,1.524344334831212,0.8681979452193735,0.5875875875875876,NA,NA,NA,69.16,2.86,27.98,0.11500168965368518,0.45829346532576903,0.6225862232993397,0.7741074407741075,0.6729372402251799,0.7284258812602273,3,3,179,375,-0.5589262181460409,-0.7415076932245352,Morganella,0.588,0.588,0.6228341281146508,0.6228341281146508,0.7746222222222222,0.7746222222222222,0.7287159298941414,0.7287159298941414,2.6225477543205082,empirical,empirical,NA,NA,NA,NA,0.20562759834253655,not_significant,Morganella
24_Enterobacteriaceae(F),0.4284967274720159,0.18360944545422705,0.1825789610079803,0.4272925941412749,0.05121586845027633,0.04856500896933989,0.08279808358836407,0.9892934749781395,0.17017017017017017,NA,NA,NA,28.05,26.6,45.35,0.005612371649494796,0.6898254857484941,0.36886426099199565,0.41999446254765405,0.851274003689631,0.51996528356703,134,281,179,375,0.08789795757436202,0.39909188390857064,24_Enterobacteriaceae(F),0.171,0.171,0.37008918547160263,0.37008918547160263,0.4220425531914894,0.4220425531914894,0.521691984339488,0.521691984339488,4.274816710129692,empirical,empirical,NA,NA,NA,NA,0.4316936054172596,not_significant,24_Enterobacteriace...
Escherichia-Shigella,0.43478178798202155,0.18903520316084355,0.188348409624769,0.43399125523997484,0.04577980779940897,0.10360835084795461,0.038960250977405436,0.9930542042775735,0.02702702702702703,NA,NA,NA,24.31,55.01,20.69,0.0036331515219953925,0.18077916712965594,0.030885861634656907,0.11611611611611614,0.38027900067805803,0.10324702317871023,172,366,179,375,0.7200988810442814,1.338538469831461,Escherichia-Shigella,0.028,0.028,0.03181873065491807,0.03181873065491807,0.1202962962962963,0.1202962962962963,0.1063654710464404,0.1063654710464404,10.572059665045627,empirical,empirical,NA,NA,NA,NA,1.497317149659911,not_significant,Escherichia-Shigella
[Ruminococcus]_gauvreauii_group,1.6020779164090342,2.566653650245512,2.759689186050215,1.6612312259436417,0.8877701716067175,0.4404589264893143,1.4314600879541834,0.8516458906184591,0.46546546546546547,NA,NA,NA,32.17,15.96,51.87,0.07520903172355897,0.9400338733688498,0.7992159381437103,0.7011627011627012,0.9823777415386178,0.850075134207401,4,7,179,375,-0.04540783172550628,-0.07522647273446534,[Ruminococcus]_gauvreauii_group,0.466,0.466,0.7996309784349434,0.7996309784349434,0.7019487179487179,0.7019487179487179,0.8505165861535308,0.8505165861535308,1.6508180274501305,empirical,empirical,NA,NA,NA,NA,0.0971103892628439,not_significant,[Ruminococcus]_gauv...
Lachnoanaerobaculum,1.0085471005973687,1.017167254123359,1.023627294223268,1.0117446783765498,0.9065333966468647,0.01889164245187391,0.09820225512452939,0.9172546908325939,0.2002002002002002,NA,NA,NA,88.56,1.85,9.59,0.006351010685530456,0.8433121546380791,0.4691576834364594,0.4312884312884313,0.9372561509256367,0.6167578535063568,3,6,179,375,0.13388093508714075,0.19765601255020288,Lachnoanaerobaculum,0.201,0.201,0.470356142004304,0.470356142004304,0.43292857142857144,0.43292857142857144,0.6175187559570086,0.6175187559570086,3.5497369404889145,empirical,empirical,NA,NA,NA,NA,0.3275731804980643,not_significant,Lachnoanaerobaculum
Fusicatenibacter,0.3720033224766987,0.13838647193370268,0.14232682076386824,0.37726227052790245,0.0014232675236236633,0.020218906882602253,0.12068464635764231,0.9305330276813785,0.34434434434434436,NA,NA,NA,1,14.21,84.79,0.028473511717628464,0.001459507866469825,0.004320003864637317,0.6052112718779386,0.018811434723388858,0.020419732555758206,85,214,179,375,0.6861230174803701,3.182616265493408,Fusicatenibacter,0.345,0.345,0.004327271608346644,0.004327271608346644,0.6063636363636363,0.6063636363636363,0.02029805217715437,0.02029805217715437,15.187733679593082,empirical,empirical,NA,NA,NA,NA,2.3637858447355966,not_significant,Fusicatenibacter
Lachnospiraceae_NK4A136_group,2.3878525989409134,5.701840034268875,8.90867584283307,2.984740498407369,3.2763674599477652,4.972648328070143,0.6596600548151607,0.8334624869727951,0.08408408408408409,NA,NA,NA,36.78,55.82,7.4,0.5624212165354785,0.1090940360406057,0.05220838421039926,0.2768922768922769,0.28761154956159685,0.14343893276593866,2,12,179,375,1.1100440157045768,1.602499774757821,Lachnospiraceae_NK4A136_group,0.085,0.085,0.05267661947024542,0.05267661947024542,0.2795897435897436,0.2795897435897436,0.1435491052816774,0.1435491052816774,9.36129815040296,empirical,empirical,NA,NA,NA,NA,1.2783821037278418,not_significant,Lachnospiraceae_NK4...
Blautia,0.9198801086625638,0.8461794143130501,0.8492661749100172,0.9215563872655961,0.17989359027520424,0.36930356940594583,0.30006901522886714,0.8425850563953056,7.611096715616735e-10,0.09936351153339824,250,-0.03134575991259723,21.18,43.49,35.33,0.0036478795687473475,0.5960893742207793,1.0214185176558503e-8,2.2072180475288532e-8,0.7786476604941673,1.9917661094289082e-7,177,372,179,375,0.4494011819101936,0.5301024162384279,Blautia,1.8220547777305116e-10,1.8220547670488838e-10,2.600494401039378e-9,2.6004943864309405e-9,7.045278473891311e-9,7.045278432589017e-9,1.0141928164053574e-7,1.0141928107080668e-7,45.88650147842769,gpd,gpd,NA,NA,NA,NA,8.5849440793799,combined_bh_significant,Blautia
