taxon_id,d.wass,d.wass^2,d.comp^2,d.comp,location,size,shape,rho,pval,p.ad.gpd,N.exc,gpd.shape,perc.loc,perc.size,perc.shape,decomp.error,p.adj,n_group1,n_group2,taxon
Phascolarctobacterium,0.41770249900434614,0.1744753776744758,0.173461130964747,0.4164866516045226,0.002428517971776457,0.11864823105289111,0.05238438194007943,0.9407723590322485,0.1831831831831832,NA,NA,NA,1.4,68.4,30.2,0.0058131223055502,0.29512846179512847,179,375,Phascolarctobacterium
Veillonella,0.8287071563195835,0.6867555509352905,0.6889458070559475,0.8300275941533194,0.29297489556737605,0.004791280098192432,0.3911796313903791,0.9692217814169337,0.008831905737027778,0.09841743025210535,220,0.05804757583692567,42.53,0.7,56.78,0.003189280549205753,0.03658932376768651,179,375,Veillonella
Negativicoccus,0.38245575399211335,0.1462724037616759,0.14721088311294372,0.38368070463986553,9.534991148059601e-4,0.09647510760035914,0.0497822763977786,0.9639339759843031,0.17217217217217218,NA,NA,NA,0.65,65.54,33.82,0.006415969978840863,0.28863148863148863,179,375,Negativicoccus
Dialister,0.1895434860589332,0.03592673310737301,0.03678629279702725,0.19179753073756514,0.0051007375959940225,0.016259510943344862,0.015426044257688367,0.9930739120052506,0.5535535535535535,NA,NA,NA,13.87,44.2,41.93,0.0239253507154491,0.6234195360408952,179,375,Dialister
Megasphaera,0.4305858260121807,0.18540415356259196,0.18680872982193544,0.4322137547810521,0.0019454289027277416,2.2516264209165264e-5,0.18484078465499854,0.8316292976885791,0.23923923923923923,NA,NA,NA,1.04,0.01,98.95,0.007575754007416613,0.3469822763940411,179,375,Megasphaera
Anaeroglobus,0.26071160869037996,0.0679705429059258,0.07273395573047736,0.26969233532022624,0.00486884607401845,0.028792916010410036,0.039072193646048886,0.8990270863996715,0.3483483483483483,NA,NA,NA,6.69,39.59,53.72,0.07008054696788779,0.444048444048444,179,375,Anaeroglobus
Megamonas,0.25442783154730164,0.0647335214658621,0.06535973422684252,0.2556554991132452,0.00607859659589647,0.031008550328132253,0.028272587302813797,0.8722599625183912,0.06406406406406406,NA,NA,NA,9.3,47.44,43.26,0.009673701457917128,0.15166186594758024,179,375,Megamonas
Streptococcus,0.7457734696558934,0.5561780680425897,0.559902223702005,0.748266144965817,0.40935392334581494,2.1743809904310664e-4,0.15033086225714704,0.9646381613008387,6.2324724357719275e-6,0.05778915450191058,150,-7.686270373973022e-4,73.11,0.04,26.85,0.0066959771939985036,7.229668025495436e-5,179,375,Streptococcus
Lactococcus,1.8427940371308458,3.395889863285001,3.4203925885238684,1.8494303416251905,0.9165332303497947,2.2738003053142815,0.23005905285979217,0.9438193161649849,0,0.6145654107910661,250,-0.10505517056269964,26.8,66.48,6.73,0.007215406336872343,0,179,375,Lactococcus
Gemella,0.23447795881080005,0.05497991316807924,0.057401999663713996,0.23958714419541377,3.834024532003377e-4,0.001684745115539992,0.055333852094973664,0.9918726587726724,0.7107107107107107,NA,NA,NA,0.67,2.93,96.4,0.044054025480727566,0.7427247066886706,179,375,Gemella
Staphylococcus,0.8812668232330468,0.7766312137312662,0.7779390922946997,0.8820085556811225,0.4430853211827636,0.005388873659838618,0.32946489745209745,0.9695896099467326,0.005504136825330687,0.23339800456075607,220,-0.1707979435000495,56.96,0.69,42.35,0.0016840406879217173,0.023647402656976287,179,375,Staphylococcus
Turicibacter,0.23499209491720238,0.055221284673575455,0.05582489671747297,0.2362729284481677,0.0015010168751086468,0.03660467318717589,0.01771920665518843,0.9561628922204751,0.03803803803803804,NA,NA,NA,2.69,65.57,31.74,0.010930785972575352,0.11313877980544648,179,375,Turicibacter
Granulicatella,0.8546747947826429,0.7304690048367527,0.7368622154168819,0.8584067890090816,0.027998862519404356,0.44743077651382124,0.2614325763836563,0.821162170369426,0.0011611557565472121,0.24386723243777186,250,-0.04483570410774612,3.8,60.72,35.48,0.008752199665963856,0.0061224576254307545,179,375,Granulicatella
Enterococcus,1.8780667255700954,3.52713462569358,3.531271097565155,1.8791676608448633,2.985359313686993,0.008319622403452662,0.5375921614747093,0.9452415790208029,0,0.5803249270082085,250,-0.14059788471169687,84.54,0.24,15.22,0.0011727570139916654,0,179,375,Enterococcus
Dolosigranulum,0.40002227534991125,0.1600178207761202,0.1602860054693428,0.40035734721538807,0.05067714297049995,0.04538262337508057,0.06422623912376225,0.9071318943603839,0.011011011011011011,NA,NA,NA,31.62,28.31,40.07,0.0016759676636128873,0.044044044044044044,179,375,Dolosigranulum
Lactobacillus,1.3956110708780955,1.9477302611575047,1.9513284319301625,1.3968995783270044,0.9763557645346396,0.007731255745921407,0.9672414116496015,0.9473912062305876,6.591413698180665e-4,0.8096309253311587,250,0.1307817115418093,50.04,0.4,49.57,0.0018473660570019756,0.004024231520994511,179,375,Lactobacillus
Leuconostoc,0.9790943007330272,0.9586256497278954,0.9662638553748695,0.9829872101786826,0.058653888575629524,0.67247900004174,0.2351309667575,0.7082282681926998,1.997687777545289e-6,0.33946320713652506,250,-0.01905663713087906,6.07,69.6,24.33,0.007967871138376159,2.5747975799472613e-5,179,375,Leuconostoc
Family_XIII_AD3011_group,0.25931541460402835,0.06724448425125912,0.07165175296171897,0.2676784506861151,0.007345846552738227,0.038872295828431866,0.02543361058054888,0.9276006282052215,0.44044044044044045,NA,NA,NA,10.25,54.25,35.5,0.06554096978411028,0.5435222456499053,179,375,Family_XIII_AD3011_group
Terrisporobacter,1.4290840250986971,2.0422811507922938,2.0554704099773513,1.4336911836156876,0.272640578659064,1.0728075329007385,0.7100222984175486,0.7711225252142417,2.410400555328883e-7,0.12182194316280728,250,-0.015730727732414223,13.26,52.19,34.54,0.0064581016085571985,3.994378063116436e-6,179,375,Terrisporobacter
Paeniclostridium,0.6476056459276809,0.41939307263740877,0.42211069057980244,0.6497004621976211,0.0011266315226183135,0.26008133015132484,0.16090272890585924,0.7548504327417825,0.0029066910849697616,0.08036448334943705,190,-0.06640842387448265,0.27,61.61,38.12,0.006479882763211986,0.013487046634259692,179,375,Paeniclostridium
Intestinibacter,1.9155915433879607,3.669490961099469,3.6792083933513426,1.9181262714824963,2.6326280071409647,0.4500738768595858,0.5965065093507926,0.9353666505076632,0,0.1413586613968893,250,-0.08558492826515812,71.55,12.23,16.21,0.002648169011693735,0,179,375,Intestinibacter
Clostridioides,0.7705198784350366,0.5937008830635435,0.5983470885351919,0.7735289836426247,0.028497950154128943,0.21416665558945924,0.35568248279160375,0.9216233042054319,0.09509509509509509,NA,NA,NA,4.76,35.79,59.44,0.00782583554141536,0.19905619905619906,179,375,Clostridioides
Peptostreptococcus,0.5074451044696008,0.25750053405016404,0.2693889891236002,0.5190269637731745,1.7078466250390378e-4,0.13459564934601478,0.13462255511508156,0.7863464634729517,0.1021021021021021,NA,NA,NA,0.06,49.96,49.97,0.04616866181380486,0.2042042042042042,179,375,Peptostreptococcus
Romboutsia,0.46529581613324084,0.21650019651109867,0.22040888126558336,0.46947724254279183,7.964617688188841e-7,0.05027214095477982,0.17013594384903472,0.9709894129071733,0.24924924924924924,NA,NA,NA,0,22.81,77.19,0.018053954765275826,0.3469822763940411,179,375,Romboutsia
Solobacterium,0.43760177342406603,0.19149531210388762,0.1920321495563589,0.43821472996278765,0.0010656369091500632,0.09791692441568345,0.09304958823152537,0.8178555922672246,0.018018018018018018,NA,NA,NA,0.55,50.99,48.46,0.00280339736034918,0.06742226097064806,179,375,Solobacterium
Holdemanella,0.745269389358906,0.5554264627153965,0.5635511853539336,0.750700463136885,0.003241600646625,0.4468121276414207,0.11349745706588789,0.9539228103919233,0.023023023023023025,NA,NA,NA,0.58,79.29,20.14,0.01462789979220025,0.07854913737266679,179,375,Holdemanella
Faecalicoccus,0.7220835609070115,0.5214046689321499,0.5263552139966385,0.7255034210785215,0.0013890463759519656,0.395773472714706,0.12919269490598065,0.828524226786521,0.012012012012012012,NA,NA,NA,0.26,75.19,24.54,0.00949463125182115,0.046446446446446445,179,375,Faecalicoccus
Faecalitalea,0.7441656841371599,0.5537825654473272,0.5587066929195497,0.7474668507161704,9.321717957633184e-5,0.46553460289407916,0.09307887284589414,0.9129728859007513,0.04804804804804805,NA,NA,NA,0.02,83.32,16.66,0.008891806603273933,0.12961799008310634,179,375,Faecalitalea
[Clostridium]_innocuum_group,1.4602591746229368,2.1323568570704605,2.1463711326621637,1.465049873779785,0.5916252199919236,1.1233556785465348,0.43139023412370536,0.9465786706908446,5.955918663385756e-13,0.10025490049444064,250,-0.049671714204268955,27.56,52.34,20.1,0.00657219993231184,1.1514776082545794e-11,179,375,[Clostridium]_innocuum_group
Coprobacillus,0.9609931537307054,0.9235078415172872,0.9299139682389342,0.9643204696774482,0.006760871024850145,0.7321184464957947,0.19103465071828943,0.5843539051988145,7.251855530625122e-4,0.06732918402686988,50,0.0835146955931739,0.73,78.73,20.54,0.006936732352074149,0.004206076207762571,179,375,Coprobacillus
Erysipelotrichaceae_UCG-003,0.5058446293332854,0.25587878902532896,0.25809097769082423,0.5080265521513854,0.012191886279065195,0.046132084846857345,0.19976700656490168,0.9495169840673499,0.05405405405405406,NA,NA,NA,4.72,17.87,77.4,0.008645455428024196,0.14082167273656634,179,375,Erysipelotrichaceae_UCG-003
Erysipelatoclostridium,0.8774427838394088,0.7699058389118514,0.7734678987338561,0.8794702375486371,0.06200629057850617,0.18782546735788122,0.5236361407974688,0.9341646340813125,4.5747962928826934e-4,0.35082493184912805,250,-0.1542161281609763,8.02,24.28,67.7,0.004626617492652363,0.002948202055413291,179,375,Erysipelatoclostridium
Eubacterium,0.572487516386328,0.32774195641818615,0.33339937586146917,0.5774074608640498,6.914904089010024e-6,0.12124842982187989,0.2121440311355003,0.8975997387910496,0.17717717717717718,NA,NA,NA,0,36.37,63.63,0.017261810190894122,0.289472571162712,179,375,Eubacterium
Christensenellaceae_R-7_group,0.15795213232462404,0.024948876105895544,0.02689494267462346,0.16399677641534136,0.005894307253293457,0.0011245021569563246,0.01987613326437368,0.9245858900545376,0.6966966966966966,NA,NA,NA,21.92,4.18,73.9,0.0780021737439327,0.741031941031941,179,375,Christensenellaceae_R-7_group
Stenotrophomonas,0.23700787281581354,0.056172731776676844,0.05587180932352804,0.23637218390396117,0.007364720585576474,0.03095388635747249,0.017553202380479076,0.9283085599903617,0.17417417417417416,NA,NA,NA,13.18,55.4,31.42,0.005357091308024087,0.28863148863148863,179,375,Stenotrophomonas
Pseudomonas,0.2377493635730295,0.05652475987938057,0.05641543920204084,0.23751934490066454,0.02260313900899382,0.014346118688708089,0.019466181504338927,0.9238125401384932,0.07607607607607608,NA,NA,NA,40.07,25.43,34.51,0.0019340316981976136,0.1753125674694302,179,375,Pseudomonas
Halomonas,0.22419124105668187,0.050261712566535235,0.05258203218659556,0.22930772378311978,0.007467477287770219,0.005673127019200268,0.03944142787962507,0.9402105761213803,0.5095095095095095,NA,NA,NA,14.2,10.79,75.01,0.046164754473670966,0.5970010414454858,179,375,Halomonas
8_Comamonadaceae(F),0.16014711061052392,0.025647097036899383,0.025146532869300194,0.1585765836096244,0.012880632253371311,3.6545983686265936e-4,0.011900440779066221,0.9441312595152862,0.22522522522522523,NA,NA,NA,51.22,1.45,47.32,0.01951738112422663,0.343764817449028,179,375,8_Comamonadaceae(F)
Delftia,0.412329833510688,0.17001589160295172,0.17108930357879656,0.41362942784429224,8.499039797282397e-6,0.11446578865109372,0.056615015887905566,0.9573665371930612,0.14614614614614616,NA,NA,NA,0,66.9,33.09,0.0063135978979638185,0.267960267960268,179,375,Delftia
Sutterella,0.4164313073784088,0.17341503376489079,0.17664907157136867,0.4202964091821017,0.035690868821476006,0.025087730180572792,0.11587047256931989,0.8299769394693212,0.08508508508508508,NA,NA,NA,20.2,14.2,65.59,0.018649120184484502,0.18980518980518982,179,375,Sutterella
Haemophilus,1.1608996013172548,1.3476878843385611,1.3482350788404063,1.1611352543267328,0.6640590366435007,0.13061595345338203,0.5535600887435235,0.9380597149526124,2.2483973355725086e-5,0.7750957568348348,250,-0.025305319584579017,49.25,9.69,41.06,4.060246502206599e-4,2.1734507577200914e-4,179,375,Haemophilus
9_Pasteurellaceae(F),0.2888516141473567,0.08343525499553345,0.08132780158347053,0.28518029662560934,0.018635413355701666,0.030757042043909014,0.03193534618385984,0.8677559894913937,0.2962962962962963,NA,NA,NA,22.91,37.82,39.27,0.025258548226115396,0.3905723905723905,179,375,9_Pasteurellaceae(F)
Acinetobacter,0.1441044837280578,0.020766102230530072,0.021087112941124447,0.14521402460204885,0.012132556093962108,3.270389927312877e-4,0.008627517854431051,0.9879337714318055,0.5675675675675675,NA,NA,NA,57.54,1.55,40.91,0.015458399801308254,0.6261588691495232,179,375,Acinetobacter
Bilophila,0.5488983083337117,0.3012893528916104,0.2993112202557744,0.5470934291835119,0.05504854581096275,0.10770681252089256,0.13655586192391908,0.8638659351983383,0.057057057057057055,NA,NA,NA,18.39,35.98,45.62,0.006565557716696535,0.14082167273656634,179,375,Bilophila
Fusobacterium,0.4446097390452542,0.19767782005388904,0.20072594800718468,0.44802449487409135,0.0023366671123811176,0.09910469277831829,0.09928458811648529,0.8986606187878522,0.05905905905905906,NA,NA,NA,1.16,49.37,49.46,0.015419676079312827,0.14272605939272606,179,375,Fusobacterium
Brevundimonas,0.23659443366614097,0.05597692604180198,0.057073373822393234,0.23890034286788547,0.020602365565025867,0.0046395193135892535,0.03183148894377811,0.8979555732641851,0.15015015015015015,NA,NA,NA,36.1,8.13,55.77,0.019587495386446552,0.267960267960268,179,375,Brevundimonas
Akkermansia,0.9978670281980377,0.9957386059647835,1.0036983169710603,1.0018474519461833,0.01347103373886705,0.37924576308935026,0.6109815201428429,0.8811735726550363,2.519306922799114e-4,0.39357387592602594,250,0.03375557795653386,1.34,37.78,60.87,0.007993775634082656,0.0020874257360335518,179,375,Akkermansia
Blastococcus,0.20006875200415553,0.04002750552850028,0.04041820327193012,0.2010427896541682,0.007264301231449717,0.018685837561629042,0.01446806447885136,0.9321792366640004,0.16116116116116116,NA,NA,NA,17.97,46.23,35.8,0.009760731733623684,0.2832529499196166,179,375,Blastococcus
Corynebacterium,0.7429308821786372,0.5519462956947282,0.5534088873633836,0.7439145699362149,0.2215460207766832,0.07729937361412245,0.2545634929725779,0.9114109565773446,1.1394883106424676e-4,0.9631041372936545,250,-0.028378486661730484,40.03,13.97,46,0.002649880396089044,0.001016774184880971,179,375,Corynebacterium
Lawsonella,0.29761051068365885,0.08857201606938822,0.09104907233618456,0.30174338822281516,0.0034964336711417036,0.0012030724451661007,0.08634956621987676,0.7915986868536835,0.23323323323323322,NA,NA,NA,3.84,1.32,94.84,0.02796657879906217,0.3468596801930135,179,375,Lawsonella
Cutibacterium,0.5061043091169843,0.25614157170678004,0.2545579315936118,0.5045373441021108,0.04916281875977321,0.08938568713815062,0.11600942569568796,0.74701483866275,0.004344553832304165,0.08876250512381434,240,-0.0876837871106636,19.31,35.11,45.57,0.00618267508321968,0.01938339402104935,179,375,Cutibacterium
Actinomyces,0.47289382672064717,0.22362857135049746,0.2210709809957223,0.4701818594923908,0.015734380612087522,0.0563601276565356,0.14897647272709919,0.9846915369110447,0.2732732732732733,NA,NA,NA,7.12,25.49,67.39,0.011436778133177783,0.3686011592988337,179,375,Actinomyces
Varibaculum,0.268734600210831,0.07221828535047517,0.07177069029264271,0.26790052312872165,0.011691814372485912,0.012193928696309673,0.047884947223847125,0.9883257524169973,0.6576576576576577,NA,NA,NA,16.29,16.99,66.72,0.006197807877330264,0.7063730397063732,179,375,Varibaculum
Dermabacter,0.3315184393934133,0.10990447565784425,0.10832718432061905,0.32913095314877183,0.025703028203614853,0.008702140805758892,0.07392201531124531,0.9073627501027132,0.24224224224224225,NA,NA,NA,23.73,8.03,68.24,0.01435147502214229,0.3469822763940411,179,375,Dermabacter
Actinotignum,0.2747430641541541,0.07548375130081364,0.07303701908757146,0.27025361993426,0.018805677635105347,0.010351333004886883,0.04388000844757923,0.8754237599217138,0.3233233233233233,NA,NA,NA,25.75,14.17,60.08,0.03241402515213643,0.4205983761539317,179,375,Actinotignum
Rothia,0.7068444225615165,0.49962903770632366,0.4995819116669561,0.7068110862648916,0.0607550897006812,0.023040895158033425,0.41578592680824145,0.9594461844087411,0.057057057057057055,NA,NA,NA,12.16,4.61,83.23,9.432205858950216e-5,0.14082167273656634,179,375,Rothia
Parabacteroides,0.9918269011617615,0.9837206018681427,0.9860219965677407,0.992986403012519,0.25893513487651587,0.11869068192593689,0.6083961797652879,0.9361778820945872,0.03303303303303303,NA,NA,NA,26.26,12.04,61.7,0.0023394800263687454,0.1008376797850482,179,375,Parabacteroides
Porphyromonas,0.15307016188628525,0.023430474459893574,0.023181653217936884,0.1522552239430125,0.012911064729745422,0.0017006924981180112,0.008569895990073451,0.9608590348062707,0.40540540540540543,NA,NA,NA,55.7,7.34,36.97,0.010619556269874209,0.5056669572798606,179,375,Porphyromonas
Coprobacter,0.18679608436514633,0.034892777134150864,0.028754998132517903,0.1695729876263254,0.013429874177348441,0.0029944186379512907,0.012330705317218174,0.9837998242909007,0.7997997997997998,NA,NA,NA,46.7,10.41,42.88,0.17590399806915014,0.8067545806676241,179,375,Coprobacter
Alistipes,0.3333276468008307,0.11110732012177935,0.11166402332673041,0.3341616724382532,0.03787363525642843,0.00556835971029237,0.06822202836000961,0.9592739705204566,0.25225225225225223,NA,NA,NA,33.92,4.99,61.1,0.005010499797321044,0.3469822763940411,179,375,Alistipes
Gordonibacter,0.5652983623000793,0.31956223841915177,0.3248573440451455,0.5699625812675297,0.001644422481694341,0.253348759297363,0.06986416226608816,0.9438486562309925,0.03903903903903904,NA,NA,NA,0.51,77.99,21.51,0.016569872749008674,0.11321321321321322,179,375,Gordonibacter
Senegalimassilia,0.30242554450316295,0.0914612099680346,0.09150926508178547,0.3025049835652059,0.01988533869441916,0.005299168383971822,0.06632475800339449,0.984039855598177,0.5745745745745746,NA,NA,NA,21.73,5.79,72.48,5.254152418021629e-4,0.6261588691495232,179,375,Senegalimassilia
Eggerthella,0.6218349615496324,0.38667871940543275,0.3896849416868577,0.6242475003449014,0.06146334392539025,0.027945939694653234,0.3002756580668142,0.9641048325335311,0.0960960960960961,NA,NA,NA,15.77,7.17,77.06,0.007774470459733118,0.19905619905619906,179,375,Eggerthella
Slackia,0.503399677121592,0.253411234926123,0.2545859772991259,0.5045651368248959,5.325376920735938e-4,0.10600862847227653,0.1480448111347758,0.8160676091040746,0.0960960960960961,NA,NA,NA,0.21,41.64,58.15,0.004635715434421872,0.19905619905619906,179,375,Slackia
Atopobium,0.2314696985084527,0.05357822132759399,0.053713005054698525,0.23176066330311218,0.005011477103148926,2.7340410094838844e-5,0.04867418754145476,0.9762856781451626,0.44744744744744747,NA,NA,NA,9.33,0.05,90.62,0.0025156439270430653,0.5463568831989885,179,375,Atopobium
Olsenella,0.5591392324284764,0.31263668124070576,0.3181386636707891,0.5640378211350627,0.0012640529127510393,0.08643456573001293,0.2304400450280251,0.812272247479338,0.25425425425425424,NA,NA,NA,0.4,27.17,72.43,0.017598646480792235,0.3469822763940411,179,375,Olsenella
Libanicoccus,0.3601432884594225,0.12970318822236682,0.1287027194602316,0.3587516124845038,0.026344376949679664,0.06269393047029367,0.039664412040258244,0.9671771725238362,0.5205205205205206,NA,NA,NA,20.47,48.71,30.82,0.00771352482423171,0.6038038038038038,179,375,Libanicoccus
Collinsella,1.0208791386174765,1.0421942156643607,1.0512468066548841,1.025303275453114,0.01937128789476517,0.5593351510933302,0.47254036766678886,0.9581093350731442,2.9630601131731577e-4,0.05724313362252691,230,-0.025663887885723664,1.84,53.21,44.95,0.008686088307209294,0.00214902762203492,179,375,Collinsella
Anaerococcus,0.3818317102509403,0.14579545495315804,0.1467182814234616,0.38303822449392905,0.0015366664512478333,0.03104570411836088,0.11413591085385288,0.9109821982235324,0.055055055055055056,NA,NA,NA,1.05,21.16,77.79,0.006329596972690643,0.14082167273656634,179,375,Anaerococcus
Finegoldia,0.4072330331826574,0.16583874331514736,0.16642991348634906,0.407958225173055,0.003599951088381787,0.06313014946031041,0.09969981293765687,0.9140355126877397,0.04504504504504504,NA,NA,NA,2.16,37.93,59.9,0.003564728961303665,0.1274445176884201,179,375,Finegoldia
Peptoniphilus,0.3488933079155164,0.12172654030823135,0.12325805256541021,0.35108126205397266,4.3208404870664614e-4,0.029776896885747254,0.09304907163095631,0.9535133986609111,0.22922922922922923,NA,NA,NA,0.35,24.16,75.49,0.012581580428564054,0.34533234533234536,179,375,Peptoniphilus
Fenollaria,0.14669706360599305,0.02152002847062077,0.02155588623678907,0.1468192297922485,0.010968688360899963,0.0013080764831546504,0.009279121392734457,0.965293648039126,0.57757757757757755,NA,NA,NA,50.88,6.07,43.05,0.0016662508703113588,0.6261588691495232,179,375,Fenollaria
Clostridium_sensu_strict18,0.5060064631788417,0.2560425407787605,0.2585084807619587,0.5084372928513001,3.855686265289509e-4,0.0843747627529504,0.17374814938247934,0.7744479428560582,0.10810810810810811,NA,NA,NA,0.15,32.64,67.21,0.009630977632459015,0.2125515345854329,179,375,Clostridium_sensu_strict18
Sarcina,0.267247377474671,0.07142116076708928,0.06897438825128185,0.262629755076004,0.01861013943887194,0.01692041041285965,0.03344383839955026,0.8739807527212275,0.21021021021021022,NA,NA,NA,26.98,24.53,48.49,0.03425836950181427,0.32512512512512515,179,375,Sarcina
Clostridium_sensu_strict1,0.8995780551921408,0.8092406773832744,0.8129415486479393,0.9016327127206174,0.4604430147095305,0.02674906219245703,0.3257494717459518,0.967402643182181,0.002011851156295945,0.8796950744827392,250,-0.13954695317803634,56.64,3.29,40.07,0.004573264009209099,0.010146727570883899,179,375,Clostridium_sensu_strict1
Butyricicoccus,0.1408993660013069,0.01985263133957024,0.020458657776802988,0.1430337644642096,0.009971278176375406,4.49792314217359e-5,0.010442400369005844,0.9764755470253301,0.7747747747747747,NA,NA,NA,48.74,0.22,51.04,0.03052625250864449,0.7883673146831042,179,375,Butyricicoccus
Incertae_Sedis,0.364792863045516,0.1330738329289446,0.13386850929478478,0.36588045765630167,2.5760602025774255e-5,0.003740993505351108,0.13010175518740788,0.9137369973157458,0.2002002002002002,NA,NA,NA,0.02,2.79,97.19,0.00597169517364482,0.3181263455236058,179,375,Incertae_Sedis
UBA1819,0.3805179371758117,0.144793900512535,0.1460377831085964,0.3821489017498237,5.553197100587161e-4,0.07738237976311384,0.06810008363542382,0.9608246579252983,0.3263263263263263,NA,NA,NA,0.38,52.99,46.63,0.008590711291417419,0.4205983761539317,179,375,UBA1819
Faecalibacterium,0.34981257168266394,0.1223688353072389,0.12505076757276976,0.3536251794948569,0.01184834075003693,0.006435089797841008,0.10676733702489181,0.9812842219850175,0.4744744744744745,NA,NA,NA,9.47,5.15,85.38,0.02191679163078719,0.5674127735983406,179,375,Faecalibacterium
Subdoligranulum,0.38229208567815104,0.14614723877215077,0.1471248203343647,0.38356853407750313,0.032871048680048094,0.004353825952290471,0.10989994570202613,0.9636766386126391,0.16516516516516516,NA,NA,NA,22.34,2.96,74.7,0.0066890183518144575,0.2859575993904352,179,375,Subdoligranulum
Ruminococcus,0.1810109384654839,0.0327649598441552,0.032883126308963805,0.18133705167164213,0.01554146382218389,0.004456711556517517,0.012884950930262396,0.9728199381286228,0.4924924924924925,NA,NA,NA,47.26,13.55,39.18,0.0036064889250790877,0.5829502972360115,179,375,Ruminococcus
CAG-352,0.37367685638691284,0.1396343929992055,0.14009823757725637,0.3742969911410675,0.053209955129992235,0.02991791625824071,0.05697036618902342,0.9702052097212197,0.12912912912912913,NA,NA,NA,37.98,21.35,40.66,0.003321850498920531,0.24159643514482224,179,375,CAG-352
Flavonifractor,0.4793565611963493,0.22978271276198936,0.23280886389463845,0.4825027086915041,0.010348675554123249,0.05943617235464442,0.16302401598587077,0.9434002180243303,0.1011011011011011,NA,NA,NA,4.45,25.53,70.02,0.013169620535308013,0.2042042042042042,179,375,Flavonifractor
[Eubacterium]_coprostanoligenegroup,0.30081319879405105,0.09048858056870927,0.09038470731466491,0.3006404951344128,0.025987876732246635,0.03487688426658767,0.029519946315830603,0.8736171423443717,0.023023023023023025,NA,NA,NA,28.75,38.59,32.66,0.0011479156087047526,0.07854913737266679,179,375,[Eubacterium]_coprostanoligenegroup
Clostridia_UCG-014,0.24108495280568806,0.05812195446932084,0.06037678584265284,0.24571688147673704,0.001099397230125855,0.021909284356245864,0.03736810425628112,0.9263461455470047,0.2912912912912913,NA,NA,NA,1.82,36.29,61.89,0.038794830523501966,0.38838838838838835,179,375,Clostridia_UCG-014
Monoglobus,0.16409509170006778,0.026927199120053653,0.028282591654856033,0.1681742895179166,0.007804911890064571,0.001932920457203938,0.018544759307587526,0.9436032240586937,0.8068068068068068,NA,NA,NA,27.6,6.83,65.57,0.050335444424034925,0.8068068068068068,179,375,Monoglobus
Epulopiscium,0.8182150761136368,0.6694759107796444,0.6800250836809236,0.8246363341988537,0.009759976812956761,0.4472989074201231,0.2229661994478437,0.7023965181333963,0,0.18214717972954186,130,-0.43104452775004987,1.44,65.78,32.79,0.015757359945922644,0,179,375,Epulopiscium
[Eubacterium]_hallii_group,0.2764494484081715,0.07642429752518226,0.07810948772485567,0.27948074660851985,0.009286696145959403,0.013894295204998068,0.0549284963738982,0.9563135542913942,0.7637637637637638,NA,NA,NA,11.89,17.79,70.32,0.02205045063211908,0.7840406778459876,179,375,[Eubacterium]_hallii_group
Anaerostipes,0.5780149752524758,0.3341013116161202,0.33982617970368423,0.5829461207553269,0.0018068664526530043,0.08381932657807403,0.2541999866729572,0.9488661631229851,0.14814814814814814,NA,NA,NA,0.53,24.67,74.8,0.017135126048657412,0.267960267960268,179,375,Anaerostipes
Lachnospiraceae_ND3007_group,0.15259193465765433,0.02328429852256585,0.02361325972584271,0.15366606562882618,0.013060322435955908,0.0016781542472826426,0.008874783042604162,0.93287031829575,0.0890890890890891,NA,NA,NA,55.31,7.11,37.58,0.01412802721791473,0.19498744027045914,179,375,Lachnospiraceae_ND3007_group
[Eubacterium]_eligengroup,0.1929783541272116,0.03724064516164748,0.037939297965017216,0.19478012723329147,0.02148265300088527,9.320274210052273e-4,0.015524617543126718,0.9800639029844834,0.5425425425425425,NA,NA,NA,56.62,2.46,40.92,0.01876049140226077,0.6170091660287739,179,375,[Eubacterium]_eligengroup
Lachnospira,0.2140690909214159,0.04582557568792143,0.04417126377077145,0.21016960715282182,0.016818450207868138,0.004138328378794966,0.023214485184108347,0.9061361691764129,0.2082082082082082,NA,NA,NA,38.08,9.37,52.56,0.036100188427878654,0.32512512512512515,179,375,Lachnospira
Hungatella,0.29664442629521115,0.08799791565201497,0.08748329939753441,0.2957757586374083,0.02657218824279719,0.038923359558582026,0.021987751596155198,0.9890806571274752,0.47047047047047047,NA,NA,NA,30.37,44.49,25.13,0.005848050498327595,0.5674127735983406,179,375,Hungatella
Prevotella,0.2730514059460597,0.07455707028911988,0.07605299113567349,0.2757770678205015,2.74680724784126e-4,0.01683522578795359,0.05894308462293577,0.969197059624437,0.5385385385385385,NA,NA,NA,0.36,22.14,77.5,0.020064104460551846,0.6170091660287739,179,375,Prevotella
Bacteroides,1.1259448913731191,1.267751898409225,1.267135708275585,1.1256712256585335,0.7615020528994787,0.013022469904957652,0.4926111854711487,0.9602887103800346,0,0.5476762112612847,250,-0.16304316399435495,60.1,1.03,38.88,4.860494663138093e-4,0,179,375,Bacteroides
Bifidobacterium,0.40165030238756405,0.16132296540802163,0.16246113157590752,0.4030646741850587,0.12697336896150163,0.0030818579479879767,0.03240590466641789,0.9880605161741836,0.11211211211211211,NA,NA,NA,78.16,1.9,19.95,0.007055202370023439,0.21319680336073776,179,375,Bifidobacterium
Scardovia,0.7047421122735522,0.4966614448117881,0.4983651277854949,0.7059498054291784,0.08249904536002908,0.29549420969808204,0.1203718727273838,0.7976245649974287,9.67497423395605e-4,0.4662251789724012,250,-0.039199467589538795,16.55,59.29,24.15,0.0034302702404298557,0.0053442714816138185,179,375,Scardovia
[Ruminococcus]_torquegroup,1.132138667675173,1.2817379628453158,1.2929113601027957,1.1370626016639522,0.10961349619186649,1.0007153639018445,0.18258250000908471,0.9550920410670849,2.964176030392993e-4,0.41848953239141595,250,0.005576047341001002,8.48,77.4,14.12,0.008717380292518007,0.00214902762203492,179,375,[Ruminococcus]_torquegroup
Sellimonas,0.8470463105896245,0.7174874522834946,0.7236729923368164,0.8506897156641876,0.017007596087827127,0.3658430692026946,0.34082232704629467,0.8729868400655455,0.03003003003003003,NA,NA,NA,2.35,50.55,47.1,0.008621112513724771,0.09676343009676343,179,375,Sellimonas
uncultured18,1.3282650531842526,1.7642880515105654,1.777372659262444,1.3331814052342779,0.047578428628830625,1.0520697493272588,0.6777244813063545,0.5986625273164613,4.1677066337659374e-4,0.3352560909838509,250,-0.15370610543161428,2.68,59.19,38.13,0.007416367038633798,0.002843846879510875,179,375,uncultured18
Lachnoclostridium,0.789418514301035,0.6231815907212535,0.6283739954221111,0.792700444948854,0.05109330186941404,0.04299152206978368,0.5342891714829134,0.9156585330247485,0.03203203203203203,NA,NA,NA,8.13,6.84,85.03,0.00833208935913543,0.10042474907339773,179,375,Lachnoclostridium
[Ruminococcus]_gnavugroup,1.2596329122352585,1.5866750735862785,1.592784424343507,1.2620556344090015,0.6490052414292771,0.42945709828154144,0.5143220846326884,0.8997615039891266,NA,0.104471801171178,170,-0.2015296176764442,40.75,26.96,32.29,0.003850410748194255,NA,179,375,[Ruminococcus]_gnavugroup
Dorea,0.9115509250575771,0.8309250889733245,0.8338423686540506,0.9131496967387388,0.03005799848710099,0.33224711099623405,0.4715372591707156,0.8407655530961754,0.025025025025025027,NA,NA,NA,3.6,39.85,56.55,0.003510881690105938,0.08294008294008295,179,375,Dorea
Coprococcus,0.2517074648658366,0.06335664786918638,0.06282798196064796,0.25065510559461573,0.0075920712638106215,0.038129657858953434,0.017106252837883897,0.9575770317438297,0.3973973973973974,NA,NA,NA,12.08,60.69,27.23,0.008344284717050843,0.5010662836749793,179,375,Coprococcus
Tyzzerella,1.0354928190365034,1.0722453782761647,1.0793198833909798,1.0389032117531354,0.14348597108270286,0.7929347522088482,0.14289916009942863,0.9614714703466924,2.1113722653559595e-5,0.05427270130418608,250,-0.03119916636287505,13.29,73.47,13.24,0.006597841555809447,2.1734507577200914e-4,179,375,Tyzzerella
22_Lachnospiraceae(F),0.6152471798235863,0.3785290922808764,0.3829067678040299,0.6187946087386589,0.013980753098891437,0.16865616865677946,0.20026984604835896,0.9217235291155671,0.04704704704704705,NA,NA,NA,3.65,44.05,52.3,0.011564964523004706,0.12961799008310634,179,375,22_Lachnospiraceae(F)
Roseburia,0.6885350829074162,0.47408056039432245,0.47762190335618726,0.6911019485981698,0.027531575759552125,0.2927725627624605,0.15731776483417464,0.9228410539059463,0.0024749332925529076,0.35296320531966524,250,0.0534616104451902,5.76,61.3,32.94,0.007469918106153273,0.011962177580672386,179,375,Roseburia
Agathobacter,0.5154677075282565,0.26570695750443624,0.26677616457144027,0.5165037895034655,0.06198519228709104,6.654403155200573e-4,0.20412553196882918,0.9552604059209071,0.17317317317317318,NA,NA,NA,23.23,0.25,76.52,0.004024008543269675,0.28863148863148863,179,375,Agathobacter
Proteus,0.5317836165143397,0.2827938147930703,0.28417821554706124,0.533083685313161,0.03980574819757742,0.13477452432859183,0.10959794302089196,0.9138181575257109,0.24624624624624625,NA,NA,NA,14.01,47.43,38.57,0.004895442126285454,0.3469822763940411,179,375,Proteus
Morganella,0.2043141964912628,0.04174429088787035,0.05113270193430493,0.22612541196049799,0.00859336283035274,9.181660685670744e-6,0.04253015744326652,0.9300966071001391,0.7027027027027027,NA,NA,NA,16.81,0.02,83.18,0.22490287526150232,0.741031941031941,179,375,Morganella
24_Enterobacteriaceae(F),0.3749039429420221,0.14055296643347498,0.14006883787664332,0.3742577158545209,0.01881018755654133,6.487016023549556e-5,0.12119378015986648,0.9924921926765299,0.7447447447447447,NA,NA,NA,13.43,0.05,86.52,0.003444456343515201,0.7713427713427714,179,375,24_Enterobacteriaceae(F)
Escherichia-Shigella,0.607946687972485,0.369599175416714,0.36898024848995403,0.60743744409606,0.09468908896277049,0.018370085094264813,0.2559210744329187,0.9679415050964152,0.11211211211211211,NA,NA,NA,25.66,4.98,69.36,0.001674589576835861,0.21319680336073776,179,375,Escherichia-Shigella
[Ruminococcus]_gauvreauii_group,0.3362797842831014,0.11308409331748921,0.1139740309357547,0.3376004012671707,0.003970561416565871,0.02665246220893827,0.08335100731025057,0.9348932915971915,0.5625625625625625,NA,NA,NA,3.48,23.38,73.13,0.00786969760430356,0.6261588691495232,179,375,[Ruminococcus]_gauvreauii_group
Lachnoanaerobaculum,0.16098459834389608,0.02591604090394555,0.025924355862249577,0.16101042159515508,0.013099523988728939,0.004849545664234833,0.007975286209285806,0.9552516517260233,0.24724724724724725,NA,NA,NA,50.53,18.71,30.76,3.208421508069659e-4,0.3469822763940411,179,375,Lachnoanaerobaculum
Fusicatenibacter,0.7702366525557065,0.5932645009402201,0.598126975292764,0.773386691954784,0.15562246820169812,0.0037084161750688543,0.43879609091599703,0.9343735194731264,0.02002002002002002,NA,NA,NA,26.02,0.62,73.36,0.008196132323504468,0.07257257257257257,179,375,Fusicatenibacter
Lachnospiraceae_NK4A136_group,0.35478956269962925,0.12587563380059416,0.12758471760569665,0.3571900301040003,0.01771821179773306,0.00543007816058105,0.10443642764738253,0.7931667705210713,0.07707707707707707,NA,NA,NA,13.89,4.26,81.86,0.01357755868629762,0.1753125674694302,179,375,Lachnospiraceae_NK4A136_group
Blautia,0.9330298013645135,0.8705446102343035,0.874273968400723,0.9350261859438607,0.15841828942021566,0.3756563546277978,0.3401993243527096,0.8637483793582102,7.289317270685391e-7,0.15021900955712106,250,-0.08588500288661013,18.12,42.97,38.91,0.004283936885687956,1.0569510042493817e-5,179,375,Blautia
